pair_id,text_a,text_b,same_shape,account_a,account_b
pos_0,@1HugoZarate @Rbalfredo1 @ArceZaconeta https://t.co/qDSVniccQA,@fxkoume @fkittywinkle @fsrosies https://t.co/nfQ0lknXgE,1,815187039733825536,1084951453834399744
pos_1,"RT @Educacion_HN: #AlivioDeDeuda
⁦@JuanOrlandoH⁩ ⁦@anagarciacarias⁩ ⁦@Presidencia_HN⁩ ⁦@mariandreamc⁩ ⁦@comunicagobhn⁩ https://t.co/fZjQj8Z…","RT @Educacion_HN: #AlivioDeDeuda
⁦@JuanOrlandoH⁩ ⁦@anagarciacarias⁩ ⁦@Presidencia_HN⁩ ⁦@mariandreamc⁩ ⁦@comunicagobhn⁩ https://t.co/CnlZitJ…",1,1058142970153713665,1083060655803023361
pos_2,@ricardo_hn Sigamos sumando #SalvemosHonduras,@ricardo_hn Exitos lider #SalvemosHonduras,1,1173669255277101056,1173685471752404992
pos_3,RT @VidaMejorHN: #NavidadCatracha https://t.co/AhVmEoUpMo,RT @SSEGURIDADHN: #AliviodeDeuda https://t.co/GIRV2XZF5R,1,923387066070814726,1102040147015725061
pos_4,@BancadaLibre Esta gente no se cansan de estar incitando al pueblo a la violencia,@hondudiario Esta gente no se cansa de estar incitando al pueblo a la violencia,1,1062773695465316352,1166750693484572672
pos_5,RT @VidaMejorHN: #ParqueVidaMejor #8️⃣8️⃣ https://t.co/DPQ6ehvZI0,RT @VidaMejorHN: #ParqueVidaMejor #9️⃣0️⃣ https://t.co/jlohnUwVJh,1,392378363,1083060655803023361
pos_6,RT @JuanOrlandoH: @Qhubotvoficial @cb24tv @radiohrn @radiohrn @LaTribunahn @RCVHonduras @CNNEE @aztecahonduras @nytimes @nytimeses @elnuevo…,RT @JuanOrlandoH: @CNNEE @Telemundo @TelecadenaHon @televicentrohn @AlPunto @UniNoticias @AP_Noticias @VOANoticias @nytimeses @WSJ @LaTribu…,1,1201342120436604928,1156944014748336128
pos_7,La Ley de #AlivioDeDeuda es una ley que solucionará los problemas económicos que muchas familias hondureñas han venido enfrentando https://t.co/Mh19YV3FxC,La Ley de #AlivioDeDeuda es una ley que solucionará los problemas económicos que muchas familias hondureñas han venido enfrentando https://t.co/SINZRkOzom,1,1151956535549054976,1151956535549054976
pos_8,@Insep2017 @JuanOrlandoH @Presidencia_HN @LaTribunahn @la_patilla @TN5Telenoticias @elpaishn @diarioelheraldo @FrenteaFrenteHN @ProcesoDigital #AlivioDeDeuda,@Insep2017 @Presidencia_HN @LaTribunahn @elpaishn @TN5Telenoticias @ProcesoDigital @hondudiario @ReportoCA @diarioelheraldo @FrenteaFrenteHN #AlivioDeDeuda,1,1058142970153713665,1058142970153713665
pos_9,RT @JuanOrlandoH: @nytimes @AP_Noticias @AP_Noticias @elnuevoherald @radiohrn @LaTribunahn @LaTribunahn @HCHTelevDigital @Telemundo @EFEnot…,RT @JuanOrlandoH: @WSJ @washingtonpost @HoyMismoTSI @MiamiHerald @FoxNews @bbcmundo @LaTribunahn @DiarioLaPrensa @TN5Telenoticias @elpaishn…,1,1167205000977833984,1165763367417647104
pos_10,This Tweet from @ElvinRa41241640 has been withheld in: Italy.,This Tweet from @Dinora21971394 has been withheld in: Italy.,1,1105178976081850369,1058142970153713665
pos_11,RT @VidaMejorHN: #FestivalDelFrio #NavidadCatracha https://t.co/djjlcHDIVM,RT @VidaMejorHN: #VillaNavideña #NavidadCatracha https://t.co/XiuCCXyIzR,1,392378363,930636898195968001
pos_12,"Consultas de las personas y son expresados en gráficos o en diseños en relación a La Ley #ALivioDeDeuda
#HondurasAvanza
#JuanOrlandoHernandez https://t.co/XYWH8x8V6O","Consultas de las personas y son expresados en gráficos o en diseños en relación a La Ley #ALivioDeDeuda
#HondurasAvanza
#JuanOrlandoHernandez https://t.co/FEqOYW0GZf",1,3548144417,3548144417
pos_13,"RT @IHTT_HN: 1/2 Ley de Alivio de Deuda ya está publicado en nuestro Diario Oficial  ""La Gaceta"".
#AlivioDeDeuda https://t.co/AiJLY24u5o","RT @IHTT_HN: 2/2 Ley de Alivio de Deuda ya está publicado en nuestro Diario Oficial  ""La Gaceta"".
#AlivioDeDeuda https://t.co/aBCTpW1AhC",1,937504657194307590,937504657194307590
pos_14,@ricardo_hn #salvemoshonduras #primerolospobres #DíaInternacionalparalaErradicacióndelapobreza,@ricardo_hn #NoVapees #NoVapees #NoVapees,1,1175086293203726336,950811618107187200
pos_15,@ricardo_hn Que Dios lo tenga en su santo seno,@ricardo_hn Que Dios lo tenga en su santa gloria,1,1174776209873481728,1174039384116609024
pos_16,Con el #AlivioDeDeuda tenemos un alivio en el bolsillo. https://t.co/wioDe5GZT3,Con el #AlivioDeDeuda tenemos un alivio en el bolsillo. https://t.co/TQcBHob9cP,1,1096259483943211008,1105303073495371776
pos_17,#VidaMejor #ParqueVidaMejor #SanaConvivencia https://t.co/YqKOvHm5oH,#ParqueVidaMejor #99 #NavidadCatracha https://t.co/g0lEztKVD7,1,1068248778065498113,1004421948
pos_18,@hondudiario El gobierno esta haciendo un gran trabajo,@ricardo_hn El Hospital Escuela necesita un cambio radical,1,1167207918686670848,1174776209873481728
pos_19,"@DiarioLaPrensa Es una extraordinaria ley para todas las personas que están endeudadas, que son muchas en el país, para que consoliden todas sus deudas y liberen parte de su sueldo que ya tienen comprometido.
#AlivioDeDeuda #Vamos https://t.co/J8fm9U7tlq","@HoyMismoTSI Es una extraordinaria ley para todas las personas que están endeudadas, que son muchas en el país, para que consoliden todas sus deudas y liberen parte de su sueldo que ya tienen comprometido.
#AlivioDeDeuda #Vamos https://t.co/by18mjZYtS",1,1189905414592307200,1189905414592307200
pos_20,RT @JuanOrlandoH: @HoyMismoTSI @TNHonduras @radiohrn @radiohrn @LaTribunahn @TN5Telenoticias @HCHTelevDigital @tencanal10 @televicentrohn @…,RT @JuanOrlandoH: @washingtonpost @AirEuropa @CNNEE @HoyMismoTSI @radiohrn @HCHTelevDigital @LaTribunahn @DiarioLaPrensa @TN5Telenoticias @…,1,1190737321525698560,1165738897839669248
pos_21,RT @JuanOrlandoH: MENSAJE AL PUEBLO HONDUREÑO Y COMUNIDAD INTERNACIONAL. https://t.co/OM4U0RbX5U,RT @JuanOrlandoH: MENSAJE AL PUEBLO HONDUREÑO Y COMUNIDAD INTERNACIONAL. https://t.co/7ICt5YyQAv,1,1152048337975164928,1183474979666571264
pos_22,@ricardo_hn todo humo mata #NoVapees,@ricardo_hn Cuidemos nuestra salud #NoVapees,1,1175086293203726336,1193684598884044800
pos_23,¿Cómo va a vivir alguien con 200 lempiras al mes? Ese era el caso de Dania Flores. Pero con la Ley de #AliviodeDeuda ahora recibirá cuatro mil lempiras al mes. De eso se trata: de ponernos en los zapatos de aquellos que sufren y viven angustiados. https://t.co/VBvJDyNNnj,¿Cómo va a vivir alguien con 200 lempiras al mes? Ese era el caso de Dania Flores. Pero con la Ley de #AliviodeDeuda ahora recibirá cuatro mil lempiras al mes. De eso se trata: de ponernos en los zapatos de aquellos que sufren y viven angustiados. https://t.co/L7Jrl0EBwS,1,719944867623866371,58244743
pos_24,"Hago público mi reconocimiento para todo el equipo de la Secretaría de Energía por el esmero mostrado en las actividades navideñas, la decoración de las puertas, las posadas navideñas, mostrando el verdadero sentido de la #NavidadCatracha, ¡celebrar el nacimiento de Jesús! https://t.co/JATmaYdv0A","Hago público mi reconocimiento para todo el equipo de la Secretaría de Energía por el esmero mostrado en las actividades navideñas, la decoración de las puertas, las posadas navideñas, mostrando el verdadero sentido de la #NavidadCatracha, ¡celebrar el nacimiento de Jesús! https://t.co/T1lpL2ZQok",1,1092854088,1092854088
pos_25,This Tweet from @saludhn has been withheld in response to a report from the copyright holder. Learn more.,This Tweet from @JuanOrlandoH has been withheld in response to a report from the copyright holder. Learn more.,1,2493201162,58244743
pos_26,📊 La Ley de #AlivioDeDeuda es una ley que transformará la economía familiar y nacional generando oportunidades https://t.co/ZtBkX6Xndl,📊 La Ley de #AlivioDeDeuda es una ley que transformará la economía familiar y nacional generando oportunidades https://t.co/M7WCW9K4dC,1,1174425533142028288,1174425533142028288
pos_27,#ParqueVidaMejor #8️⃣8️⃣ https://t.co/m1qvpiLRMV,#ParqueVidaMejor #8️⃣8️⃣ https://t.co/DPQ6ehvZI0,1,1004421948,1004421948
pos_28,"#AlivioDeDeuda
⁦@JuanOrlandoH⁩ ⁦@anagarciacarias⁩ ⁦@Presidencia_HN⁩ ⁦@mariandreamc⁩ ⁦@comunicagobhn⁩ https://t.co/fZjQj8ZS06","#AlivioDeDeuda
⁦@JuanOrlandoH⁩ ⁦@anagarciacarias⁩ ⁦@Presidencia_HN⁩ ⁦@mariandreamc⁩ ⁦@comunicagobhn⁩ https://t.co/CnlZitJsMp",1,4771596912,4771596912
pos_29,"@BTS_twt TE AMO TE AMO TE AMO TE AMO
TE AMO TE AMO TE AMO TE AMO
TE AMO TE AMO TE AMO TE AMO
TE AMO TE AMO TE AMO TE AMO
TE AMO TE AMO TE AMO TE AMO
TE AMO TE AMO TE AMO TE AMO
TE AMO TE AMO TE AMO TE AMO
TE AMO TE AMO TE AMO TE AMO
TE AMO TE AMO TE AMO TE AMO https://t.co/MnE19zsM0c","@BTS_twt TE AMO TE AMO TE AMO TE AMO
TE AMO TE AMO TE AMO TE AMO
TE AMO TE AMO TE AMO TE AMO
TE AMO TE AMO TE AMO TE AMO
TE AMO TE AMO TE AMO TE AMO
TE AMO TE AMO TE AMO TE AMO
TE AMO TE AMO TE AMO TE AMO
TE AMO TE AMO TE AMO TE AMO
TE AMO TE AMO TE AMO TE AMO https://t.co/GDrlYkE6BC",1,1152747258921852928,1152747258921852928
pos_30,@ricardo_hn El cambio viene Rial Presidente,@ricardo_hn El cambio viene para Honduras,1,1175085714473652224,718166469998092288
pos_31,@LaTribunahn @JuanOrlandoH Le damos las gracias Presidente @JuanOrlandoH por dar lo mejor al país,@PoliciaHonduras @JuanOrlandoH Le damos las gracias Presidente @JuanOrlandoH por dar lo mejor al país,1,1189732181310148608,1183148232853078016
pos_32,@ricardo_hn @PEPE_LOBO Excelente lider,@ricardo_hn @PEPE_LOBO Pendiente Ricardo,1,1173674898599895040,1173992094995767296
pos_33,"Gran ambiente disfrutan las familias en la #VillaNavideña de Gracias #Lempira con el concierto de la Sonora Dinamita.

#NavidadCatracha https://t.co/BBtABZ0Hw2","Gran ambiente disfrutan las familias en la #VillaNavideña de Gracias #Lempira con el concierto de la Sonora Dinamita.

#NavidadCatracha https://t.co/MWHDnHHDeH",1,3548144417,1004421948
pos_34,Llegamos al #ParqueVidaMejor #8️⃣7️⃣ https://t.co/c75Xb2AQ11,Llegamos al #ParqueVidaMejor #9️⃣8️⃣ https://t.co/JSyvEwdtlN,1,1004421948,1004421948
pos_35,"RT @licvictorfonsec: Municipio Marcala/La Paz
En el municipio de Marcala, La Paz, así disfrutan de su hermosa Villa Navideña.
Logros del pr…","RT @licvictorfonsec: Municipio Opatoro/La Paz
En el municipio de Opatoro, La Paz, así disfrutan de su hermosa Villa Navideña.
Logros del pr…",1,3548144417,3548144417
pos_36,@VergasGrandes_ @Dotado33cm Los verdaderos dotados para nuestras esposas...,@claudiaiu1 @TataQuispe Los cerebritos MASISTAS deben estar humeando...,1,1125406697583972352,815187039733825536
pos_37,Vive la #NavidadCatracha en el #FestivalDelFrio ❄️ https://t.co/FmiPEg9Woh,Vive la #NavidadCatracha en el #FestivalDelFrío ❄️ https://t.co/JUjfeahNEh,1,3223659392,3252683267
pos_38,"#NavidadCatracha en Tegucigalpa, Honduras https://t.co/X4YFEoS5cQ","#NavidadCatracha en Tegucigalpa, Honduras https://t.co/AWYo1AvQey",1,1004421948,1004421948
pos_39,@CLibrehn @OEA_MACCIH @CIDH @ONUDDHH @ciprodeh1 @bbcmundo @nytimesES @chicagotribune @washingtonpost @europapress @EUparliament @ActualidadRT @teleSURtv @AFPespanol @AristeguiOnline @defencofadeh @NormaTorres https://t.co/QPkNQiVA8V,@CLibrehn @OEA_MACCIH @CIDH @ONUDDHH @ciprodeh1 @bbcmundo @nytimesES @chicagotribune @washingtonpost @europapress @EUparliament @ActualidadRT @teleSURtv @AFPespanol @emilyepalmer @defencofadeh @NormaTorres https://t.co/etBGmQRmeF,1,2533555268,3792974892
pos_40,@elpaishn @JuanOrlandoH Le damos las gracias Presidente @JuanOrlandoH por dar todo por los jóvenes del país,@HoyMismoTSI @JuanOrlandoH Le damos las gracias Presidente @JuanOrlandoH por dar todo por los jóvenes del país,1,1205997211189948416,1205995171046969344
pos_41,@ricardo_hn Enhorabuena a todos ellos,@ricardo_hn Felicidades a nuestros soldados,1,950811618107187200,1173682991475896320
pos_42,@ricardo_hn Buena convocatoria excelente,@ricardo_hn Feliz domingo bendiciones,1,1174039384116609024,1184911963995938816
pos_43,RT @SENHnOficial: Gran cierre de #NavidadCatracha con el #FestivalDelFrío del 3 al 6 de enero. ¡Te esperamos! https://t.co/R6hMYhQ1hF,RT @SENHnOficial: Gran cierre de #NavidadCatracha con el #FestivalDelFrío del 3 al 6 de enero. ¡Te esperamos! https://t.co/77OPvYA35B,1,991367920415539203,991367920415539203
pos_44,#Desafio #NavidadCatracha #guitar #pedalboard https://t.co/FuE1dMZtty,#NoMas #BastaYa #Narcotraficantes #muskitia https://t.co/9mrmYgpUyC,1,622195120,1100494927530737664
pos_45,@samyschwartz @pagina_siete @CFValverde @ejutv https://t.co/IbWz0Qerk1,@fxsaeko @fkittywinkle @eckoume @fxpuppie https://t.co/UPnr7GGuJ4,1,815187039733825536,1084951453834399744
pos_46,"@juanchotgu @ricardo_hn Ante todo, Dios primero","@ricardo_hn @BomberosHn Felicidades bomberos, siempre dispuestos",1,950811618107187200,1073068576465145856
pos_47,"RT @SSEGURIDADHN: Yamaranguila es el municipio más alto de Honduras, a 1818 metros  sobre el nivel del mar, y la única mina de barro blanco…","RT @PREVENCIONGAB: Yamaranguila es el municipio más alto de Honduras, a 1818 metros  sobre el nivel del mar, y la única mina de barro blanc…",1,1102040147015725061,1102040147015725061
pos_48,RT @JuanOrlandoH: @DiarioLaPrensa @Congreso_HND @cnbshonduras @Congreso_HND @FrenteaFrenteHN @canal11hn,RT @JuanOrlandoH: @FrenteaFrenteHN @Congreso_HND @anagarciacarias @ReinaldoHN @VidaMejorHN @Presidencia_HN,1,1191035790756847616,1190723466821033984
pos_49,@ricardo_hn @LaTribunahn Congratulaciones en su aniversario,@ricardo_hn @LaTribunahn Felicidades en su aniversario,1,1175088282834743296,1173669255277101056
pos_50,@ricardo_hn Que caiteada pego compa,@TN5Telenoticias Que buen ejemplo este,1,1174707830919696384,1193684598884044800
pos_51,@JuanOrlandoH Que dios me lo bendiga por siempre mí Presidente @JuanOrlandoH,@JuanOrlandoH Que dios me lo ilumine por siempre mí Presidente @JuanOrlandoH,1,1183247268763316224,1183264240485974016
pos_52,@ricardo_hn Merecemos respeto en todo,@ricardo_hn Unidad total en Cortes,1,1193713063112957952,1173992094995767296
pos_53,@Insep2017 @JuanOrlandoH @Presidencia_HN @LaTribunahn @elpaishn @ReportoCA @la_patilla #AlivioDeDeuda,@JuanOrlandoH @radiohrn @LaTribunahn @RCVHonduras @HCHTelevDigital @radioamericahn @elpaishn #AlivioDeDeuda,1,1058142970153713665,1101863803044724736
pos_54,"Municipio de San Ignacio/ Francisco Morazan.
#VillaNavideña
#NavidadCatracha https://t.co/97wmEgZPW1","Municipio de San Lucia/ Francisco Morazan.
#VillaNavideña
#NavidadCatracha https://t.co/MbQRbbPhTq",1,3548144417,3548144417
pos_55,Entregamos Reglamento de Ley de #AlivioDeDeuda a nuestros trabajadores. Publíquese!! https://t.co/KDOIL1FR9n,Entregamos Reglamento de Ley de #AlivioDeDeuda a nuestros trabajadores. Publíquese!! https://t.co/BbxxnKyue1,1,58244743,920638823251435520
pos_56,#Injupemp El @INJUPEMP ha a comunicado que Hasta el próximo año se atenderán a los empleados públicos para el programa de #AlivioDeDeuda según comunicado emitido por la institución. https://t.co/UoWDKpVECv,#Injupemp El @INJUPEMP ha a comunicado que Hasta el próximo año se atenderán a los empleados públicos para el programa de #AlivioDeDeuda según comunicado emitido por la institución. https://t.co/x93VRzztbM,1,321164081,892078273806692352
pos_57,RT @VidaMejorHN: Llegamos al #ParqueVidaMejor #9️⃣8️⃣ https://t.co/JSyvEwdtlN,RT @VidaMejorHN: Llegamos al #ParqueVidaMejor #8️⃣7️⃣ https://t.co/c75Xb2AQ11,1,1200230608959627265,392378363
pos_58,"@PAVEDTHEWAY_B7S @BTS_twt 5. Helados

#VoteTHPBTS @BTS_twt","@PAVEDTHEWAY_B7S @BTS_twt 9. Amarillo

#VoteTHPBTS @BTS_twt",1,1152747258921852928,1152747258921852928
pos_59,"#AlivioDeDeuda
⁦@JuanOrlandoH⁩ ⁦@anagarciacarias⁩ ⁦@Presidencia_HN⁩ https://t.co/Cd6sX4W7lN","#AlivioDeDeuda
⁦@JuanOrlandoH⁩ ⁦@anagarciacarias⁩ ⁦@Presidencia_HN⁩ https://t.co/hlPrAGg7yK",1,4771596912,4771596912
pos_60,@ricardo_hn Nuestros bellos lugares para visitar,@ricardo_hn linda hermosa preciosa nuestra Honduras,1,1174051044915077120,1104046225182081024
pos_61,"@ricardo_hn Amen, muchas bendiciones","@isabellaguirree hola, mucho gusto",1,1184911963995938816,1017490267736301568
pos_62,RT @CamilaValeriaM1: @VidaMejorHN @JuanOrlandoH @anagarciacarias @ReinaldoHN @HoyMismoTSI @radioamericahn @GobernacionGra1 @LaTribunahn @HC…,RT @JuanOrlandoH: @HCHTelevDigital @radiohrn @radioamericahn @RCVHonduras @BCIE_Org @BancoMundial @DiarioLaPrensa @diarioelheraldo @elpaish…,1,953630768311558146,1190699124003352576
pos_63,"La ley de alivio de deuda y su reglamento es una realidad, para tus consultas llama a la linea 130.

#AlivioDeDeuda https://t.co/wQimFfKOuj","La ley de alivio de deuda y su reglamento es una realidad, para tus consultas llama a la linea 130.

#AlivioDeDeuda https://t.co/qknRn5mGdS",1,818203207113539584,818203207113539584
pos_64,@ricardo_hn @PEPE_LOBO Haber pronunciece!,@ricardo_hn @PNH_oficial Siempre pendientes!,1,1175085714473652224,718166469998092288
pos_65,@ricardo_hn Bendiciones a la familia,@ricardo_hn Fortaleza a la familia,1,1184928315238424576,1174051044915077120
pos_66,@ricardo_hn Amén bendito Dios!,@ricardo_hn Amén gracias Dios!,1,1174007956301647872,1175085714473652224
pos_67,#Publicación La extensión de la vacation Leguis ha sido publicado en el diario oficial La #Gaceta al igual que  la ley de #AlivioDeDeuda que fueron aprobadas en el @Congreso_HND y sancionada por el presidente de la República @JuanOrlandoH. https://t.co/HJGfFuuiCp,#Publicación La extensión de la vacation Leguis ha sido publicado en el diario oficial La #Gaceta al igual que  la ley de #AlivioDeDeuda que fueron aprobadas en el @Congreso_HND y sancionada por el presidente de la República @JuanOrlandoH. https://t.co/nbrM7JX8Pd,1,892078273806692352,321164081
pos_68,@ricardo_hn Lindo nuestro Himno Nacional,@ricardo_hn Excelente Rial siempre innovando,1,1104046225182081024,1191903488122466304
pos_69,@ricardo_hn Viva La Ceiba #SalvemosHonduras,@ricardo_hn Adelante La Ceiba #SalvemosHonduras,1,1173697339900485632,1174732504089149440
pos_70,@ricardo_hn Felicidades a todos los odontologos de Honduras,@ricardo_hn Felicidades a todos los locutores de Honduras,1,1174007956301647872,718166469998092288
pos_71,RT @VidaMejorHN: Ley #AlivioDeDeuda https://t.co/KfzxPSxCQQ,RT @VidaMejorHN: Ley #AlivioDeDeuda https://t.co/FSya0H7ODS,1,1102040147015725061,392378363
pos_72,@ricardo_hn Amor al movimiento #SalvemosHonduras,@ricardo_hn Bienvenido al movimiento #SalvemosHonduras,1,1174051044915077120,1174039384116609024
pos_73,@ricardo_hn @hsing_ingrid Muchas felicidades Taiwan,@lopez_giorgina @isabellaguirree deci gracias giorgina,1,1174051044915077120,1017490267736301568
pos_74,@ciudadmujerhn @anagarciacarias @JuanOrlandoH @AlfarohnKarla @VidaMejorHN @rosapazhaslam @TNHonduras @RNhHonduras @Presidencia_HN @mariandreamc @welopje1 #AlivioDeDeuda,@ciudadmujerhn @anagarciacarias @Presidencia_HN @VidaMejorHN @Banca_Solidaria @rosapazhaslam @scgghn @welopje1 @AlfarohnKarla @JuanOrlandoH @elpaishn #AlivioDeDeuda,1,1083060655803023361,1113250173654900742
pos_75,"@PAVEDTHEWAY_B7S 6. Pizza
#PCAs #TheMusicVideo #BoyWithtLuv @BTS_twt","@PAVEDTHEWAY_B7S 7. Noche
#PCAs #TheMusicVideo #BoyWithtLuv @BTS_twt",1,1152747258921852928,1152747258921852928
pos_76,@ricardo_hn Excelente! Posturas claras,@ricardo_hn Amen! Dios bendiga,1,1104046225182081024,901131981521657856
pos_77,"@HCHTelevDigital Esta ley se regirá en todo el territorio nacional. Todos los trabajadores, independientemente de su modalidad de contratación e historial crediticio. #AlivioDeDeuda #vamos https://t.co/ZImi1UCZxz","@DiarioLaPrensa Esta ley se regirá en todo el territorio nacional. Todos los trabajadores, independientemente de su modalidad de contratación e historial crediticio. #AlivioDeDeuda #vamos https://t.co/wc2Sgu8pkk",1,1189905414592307200,1189905414592307200
pos_78,@BTS_twt Ahhhhhh que amor bellos,@ricardo_hn Propuestas que solucionan problemas,1,1152747258921852928,1175086293203726336
pos_79,@radiohrn bien presidente dando el ejemplo felicidades,@ricardo_hn Apoyo total para el rubro cafetero,1,1158115733102092288,1175088282834743296
pos_80,@ricardo_hn Felicidades a todos los Capitalinos,@ricardo_hn Felicidades a todos los odontologos,1,900431994210979840,1173682991475896320
pos_81,"Ley #AlivioDeDeuda
#HondurasAvanza
#JuanOrlandoHernandez https://t.co/hwjr7z8uII","Ley #AlivioDeDeuda
#HondurasAvanza
#JuanOrlandoHernandez https://t.co/DGol1OdlpX",1,3548144417,3548144417
pos_82,"@RCVHonduras Esta ley, que fue propuesta por el presidente Hernández al Legislativo, favorecerá a casi un millón de empleados del sector público y del privado. #AlivioDeDeuda #Vamos https://t.co/jPP95d1bfG","@HCHTelevDigital Esta ley, que fue propuesta por el presidente Hernández al Legislativo, favorecerá a casi un millón de empleados del sector público y del privado. #AlivioDeDeuda #vamos https://t.co/9XFlMwKEsU",1,1181268721844850688,1181268721844850688
pos_83,"#AlivioDeDeuda 

Comparto esta información tan importante https://t.co/m1nKjL8BJ4","#AlivioDeDeuda 

Comparto esta información tan importante https://t.co/0Pi3UZ8Z9i",1,2648219753,2648219753
pos_84,Gran cierre de #NavidadCatracha con el #FestivalDelFrío del 3 al 6 de enero. ¡Te esperamos! https://t.co/R6hMYhQ1hF,Gran cierre de #NavidadCatracha con el #FestivalDelFrío del 3 al 6 de enero. ¡Te esperamos! https://t.co/77OPvYA35B,1,1037002032924774401,1037002032924774401
pos_85,@sedenah @JuanOrlandoH Le damos las gracias Presidente @JuanOrlandoH por brindar seguridad al país,@radiohrn @JuanOrlandoH Le damos las gracias Presidente @JuanOrlandoH por sacar adelante al país,1,1189732181310148608,1189732181310148608
pos_86,"Municipio de Trinidad/ Santa Barbara.
Villa Navideña del Alcalde Leopoldo Regalado.
Municipio de las Chimeneas Gigantes,
Logros del Presidente @JuanOrlandoH  en promover las Villas Navideñas. #NavidadCatracha 
@malerefe 
@AmhonCano 
@AMHON1 https://t.co/3mUfd3ezHY","Municipio de Trinidad/ Santa Barbara.
Villa Navideña del Alcalde Leopoldo Regalado.
Municipio de las Chimeneas Gigantes,
Logros del Presidente @JuanOrlandoH  en promover las Villas Navideñas. #NavidadCatracha 
@malerefe 
@AmhonCano 
@AMHON1 https://t.co/nHVjTS40Ni",1,3548144417,3548144417
pos_87,@ricardo_hn Muy importante cuidar nuestros bosques,@ricardo_hn Muy Ricardo siempre ejerciendo deportes,1,1174776209873481728,1174039384116609024
pos_88,"Compartamos todo lo que sucede gracias al programa que inicio juan orlando y el partido nacional denominado
#NavidadCatracha https://t.co/ZTCWUFB1fj","Compartamos todo lo que sucede gracias al programa que inicio juan orlando y el partido nacional denominado
#NavidadCatracha https://t.co/ySc2pV6jPd",1,1096259483943211008,1096259483943211008
pos_89,@ricardo_hn Estamos pendiente! Saludos,@ricardo_hn Hagamos conciencia! Prevengamos,1,1104046225182081024,1104046225182081024
pos_90,"Ha llegado el momento de ahorrar.
#AlivioDeDeuda https://t.co/qHPpnLAXte","Ha llegado el momento de ahorrar.
#AlivioDeDeuda https://t.co/ChH2h7f4Nh",1,1101863803044724736,1101863803044724736
pos_91,@JuanOrlandoH @DHSgov @StateDept @usembassyhn @CancilleriaHN @SecPompeo @lisandrorosales @elpaishn @LaTribunahn Que Dios me lo ilumine por siempre mi Presidente @JuanOrlandoH,@JuanOrlandoH @DiarioRoatan @diarioelheraldo @elpaishn @radiohrn @HCHTelevDigital @LaTribunahn @RCVHonduras @radioamericahn Que dios me lo bendiga por siempre mi Presidente @JuanOrlandoH,1,1183148232853078016,1189763771209801728
pos_92,@ricardo_hn @PNH_oficial #seguimosalante #sumate #une,@ricardo_hn @PNH_oficial #SalvemosHonduras #VivaElPartidoNacional #UnidadEnMiPartido,1,1173697339900485632,1174732504089149440
pos_93,@hondudiario vamos caminando por la mejor ruta,@elpaishn estamos caminando por la mejor ruta,1,1161669982167732224,1073328342848425984
pos_94,@Insep2017 @JuanOrlandoH @LaTribunahn @elpaishn @TN5Telenoticias @la_patilla @Revista_EyN @ActualidadRT #AlivioDeDeuda,@Insep2017 @Presidencia_HN @LaTribunahn @elpaishn @TN5Telenoticias @hondudiario @ProcesoDigital @ReportoCA #AlivioDeDeuda,1,1058142970153713665,1058142970153713665
pos_95,@ricardo_hn Bendiciones Ricardo Álvarez,@ricardo_hn Full Ricardo Álvarez,1,1184928315238424576,1174051044915077120
pos_96,@ricardo_hn Las personas con discapacidad merecen más respeto,@ricardo_hn Las personas con discapacidad merecen más oportunidades,1,1173992094995767296,1187815483204145152
pos_97,@ricardo_hn Inmenso apoyo en la ceiba!#SalvemosHonduras,@ricardo_hn Efervescente ambiente en la ceiba!#SalvemosHonduras,1,1104046225182081024,1104046225182081024
pos_98,@92jinlovrs BTS airplane pt. 2,@MoonWorld_94 BTS airplane pt. 2,1,1152747258921852928,1152747258921852928
pos_99,@ricardo_hn #SumateCachureco #SalvemosHonduras vamos siempre,@ricardo_hn #SalvemosHonduras #RicardoPresidente vamos palante,1,1175088282834743296,1174732504089149440
pos_100,"1/2 Ley de Alivio de Deuda ya está publicado en nuestro Diario Oficial  ""La Gaceta"".
#AlivioDeDeuda https://t.co/AiJLY24u5o","2/2 Ley de Alivio de Deuda ya está publicado en nuestro Diario Oficial  ""La Gaceta"".
#AlivioDeDeuda https://t.co/aBCTpW1AhC",1,756157253846241280,756157253846241280
pos_101,"Podrás liquidar tus deudas con mejores condiciones de crédito y pagar por deducción de planilla.
Con la ley para el alivio de la deuda puedes tener acceso a nuevos créditos.  pagar tus deudas de todo el sistema financiero con tasas de interés mas bajas. 
#AlivioDeDeuda https://t.co/ldw7UVb6yk","Podrás liquidar tus deudas con mejores condiciones de crédito y pagar por deducción de planilla.
Con la ley para el alivio de la deuda puedes tener acceso a nuevos créditos.  pagar tus deudas de todo el sistema financiero con tasas de interés mas bajas. 
#AlivioDeDeuda https://t.co/LNjbPuYV6N",1,937504657194307590,756157253846241280
pos_102,@ricardo_hn #felizdia increible martes,@ricardo_hn #SalvemosHonduras seguimos firmes,1,1173674898599895040,1175088282834743296
pos_103,@JuanOrlandoH @RCVHonduras @TN5Telenoticias @LaTribunahn @radiohrn @TSiHonduras @HoyMismoTSI Que dios me lo bendiga por siempre mi Presidente @JuanOrlandoH,@JuanOrlandoH @FrenteaFrenteHN @Congreso_HND @anagarciacarias @ReinaldoHN @VidaMejorHN @Presidencia_HN Que dios me lo bendiga por siempre mi Presidente @JuanOrlandoH,1,1189765076351430656,1189746757829304320
pos_104,"RT @VidaMejorHN: #NavidadCatracha en Tegucigalpa, Honduras https://t.co/AWYo1AvQey","RT @VidaMejorHN: #NavidadCatracha en Tegucigalpa, Honduras https://t.co/X4YFEoS5cQ",1,1102040147015725061,1102040147015725061
pos_105,"@ricardo_hn Tierra hermosa, Honduras","@ricardo_hn Excelente dato, felicidades",1,899759966327844864,1173697339900485632
pos_106,@ricardo_hn La juventud lo apoya Rial,@ricardo_hn La humildad lo hace diferente,1,1173992094995767296,1174051044915077120
pos_107,"· ı’m ᥲ b***h, bᥱ cᥲutıous ı'll mᥲkᥱ ᥲ choıcᥱ — 오직 너만 @ 딱 꽂혔어 / ♡̷ https://t.co/5yedaMgejH","· ı’m ᥲ b***h, bᥱ cᥲutıous ı'll mᥲkᥱ ᥲ choıcᥱ — 오직 너만 @ 딱 꽂혔어 / ♡̷ https://t.co/CLsEbBeCOb",1,945521575759138816,945521575759138816
pos_108,@ricardo_hn Todos sumamos enhorabuena  #SumateCachureco #SalvemosHonduras,@ricardo_hn Vamos palante siempre  #SumateCachureco #SalvemosHonduras,1,1174732504089149440,1175088282834743296
pos_109,@JuanOrlandoH Que dios me lo ilumine por siempre Presidente @JuanOrlandoH,@JuanOrlandoH Que dios me lo bendiga por siempre Presidente @JuanOrlandoH,1,1189765076351430656,1189746757829304320
pos_110,@ricardo_hn Muchas felicidades en su día,@ricardo_hn Felicidades Odontologos en su día,1,1174007956301647872,1174051044915077120
pos_111,@elpaishn Excelente el trabajo que están realizador nuestras autoridades,@hondudiario Excelente el trabajo que están realiazdno nuestras autoridades,1,1161764763459887104,1167540817847816192
pos_112,@ricardo_hn #NoVapees #NoTabaco nada cuesta cuidarnos,@ricardo_hn #PrimeroLosPobres #SalvemosHonduras vamos siemre palante,1,900431994210979840,1175086293203726336
pos_113,@aezc087 Gracias ricura bella!,@ricardo_hn Pendientes siempre palante!,1,1125406697583972352,718166469998092288
pos_114,📊 La Ley de #AlivioDeDeuda es una ley que transformará la economía familiar y nacional https://t.co/3Yvx5GNChj,📊 La Ley de #AlivioDeDeuda es una ley que transformará la economía familiar y nacional https://t.co/pKZd0DFJMN,1,1173942819179978752,1173942819179978752
pos_115,"@RCVHonduras Esta es una nueva ley que da la oportunidad a personas sobreendeudadas para poder honrar deudas, y quedar con una sola deuda a plazo largos y con intereses bajos. #AlivioDeDeuda #vamos https://t.co/n9pI8DTQ5x","@radiohrn Esta es una nueva ley que da la oportunidad a personas sobreendeudadas para poder honrar deudas, y quedar con una sola deuda a plazo largos y con intereses bajos. #AlivioDeDeuda #vamos https://t.co/0cRFvVYMhX",1,1181268721844850688,1181268721844850688
pos_116,@ricardo_hn @LaTribunahn Felicitaciones La Tribuna,@ricardo_hn @LaTribunahn Congratulaciones La Tribuna,1,1173685471752404992,1183860278062129152
pos_117,@Rostros_Barrio @JuanOrlandoH @LaTribunahn Excelente labor señor presidente le agradecemos porque podemos ver como estamos por buen camino los cambios se están dando y el apoyo para los que mas lo necesitan @JuanOrlandoH @Rostros_Barrio @elpaishn,@Rostros_Barrio @JuanOrlandoH @radiohrn Excelente labor señor presidente le agradecemos porque podemos ver como estamos por buen camino los cambios se están dando y el apoyo para los que mas lo necesitan @JuanOrlandoH @Rostros_Barrio @elpaishn,1,1154150577233977344,1152782909041983488
pos_118,"Municipio de Curaren / Francisco Morazan.
#VillaNavideña
#NavidadCatracha https://t.co/rA4bGgASvN","Municipio de Talanga / Francisco Morazan.
#VillaNavideña
#NavidadCatracha https://t.co/ADrLO64Wg3",1,3548144417,3548144417
pos_119,@ricardo_hn Cuente de qué trata,@ricardo_hn Esperando de qué trata,1,899759966327844864,900431994210979840
pos_120,@JuanOrlandoH paso a paso estamos caminando por la mejor rita,@elpaishn paso a paso estamos caminando por la mejor ruta,1,1161759998705381376,1062780449100042240
pos_121,@ricardo_hn Buena reflexión,@ricardo_hn Sabia reflexión,1,1174051044915077120,1173682991475896320
neg_0,RT @JuanOrlandoH: Hoy estamos sancionando la Ley #AlivioDeDeuda que tiene su espíritu en la solidaridad con la angustia de tantas familias…,"RT @JuanOrlandoH: Como les prometí ayer, aquí les cuento como vamos con el proyecto https://t.co/myEuHSo7ad Esta es una puerta de muchas op…",0,2319310896,1186657535799058432
neg_1,"RT @JuanOrlandoH: Como les prometí ayer, aquí les cuento como vamos con el proyecto https://t.co/myEuHSo7ad Esta es una puerta de muchas op…",RT @JuanOrlandoH: ¡Tasa de un 8.7% anual para que usted sea dueño de su propia vivienda! Hoy lanzamos la tercera fase del exitoso programa…,0,1186657535799058432,1196110974199181312
neg_2,RT @JuanOrlandoH: ¡Tasa de un 8.7% anual para que usted sea dueño de su propia vivienda! Hoy lanzamos la tercera fase del exitoso programa…,@radioamericahn Sabemos que este es el dolor de muchos ya dejense de tanto odio y busquen que hacer y principal voz ñangara,0,1196110974199181312,1197539379411111936
neg_3,@radioamericahn Sabemos que este es el dolor de muchos ya dejense de tanto odio y busquen que hacer y principal voz ñangara,"RT @JuanOrlandoH: Es fácil olvidar dónde estábamos hace cinco años y dónde estamos ahora. 

Los delincuentes ahora no tienen tregua ni sus…",0,1197539379411111936,1168868906397777920
neg_4,"RT @JuanOrlandoH: Es fácil olvidar dónde estábamos hace cinco años y dónde estamos ahora. 

Los delincuentes ahora no tienen tregua ni sus…","@BTS_twt MI CORAZÓN SOLO PIENSA EN TI
SOLO LLORA POR TÍ
SOLO SUFRE POR TÍ.
😭😭💞",0,1168868906397777920,1152747258921852928
neg_5,"@BTS_twt MI CORAZÓN SOLO PIENSA EN TI
SOLO LLORA POR TÍ
SOLO SUFRE POR TÍ.
😭😭💞","RT @JuanOrlandoH: Quien dijo miedo!!! rapel en La Estanzuela. Marcala, La Paz https://t.co/maBxVWKvyT",0,1152747258921852928,1040473171399516160
neg_6,"RT @JuanOrlandoH: Quien dijo miedo!!! rapel en La Estanzuela. Marcala, La Paz https://t.co/maBxVWKvyT",RT @JuanOrlandoH: Mi agradecimiento especial a esos ejemplares voluntarios que se lucieron en la Villa Navideña de San Pedro Sula por dar l…,0,1040473171399516160,756692939011612672
neg_7,RT @JuanOrlandoH: Mi agradecimiento especial a esos ejemplares voluntarios que se lucieron en la Villa Navideña de San Pedro Sula por dar l…,"RT @JuanOrlandoH: 1/2. Maestros y maestras de Honduras: ahorita que se acerca diciembre, les recuerdo que como lo acordamos en las Mesas de…",0,756692939011612672,1151701172258050048
neg_8,"RT @JuanOrlandoH: 1/2. Maestros y maestras de Honduras: ahorita que se acerca diciembre, les recuerdo que como lo acordamos en las Mesas de…","RT @JuanOrlandoH: Miles de afiliados del IPM han vivido cargando deudas con intereses groseros que no les permitían ver la luz, hoy estamos…",0,1151701172258050048,1158440212185436166
neg_9,"RT @JuanOrlandoH: Miles de afiliados del IPM han vivido cargando deudas con intereses groseros que no les permitían ver la luz, hoy estamos…",@JuanOrlandoH @anagarciacarias @LaTribunahn @TN5Telenoticias @RCVHonduras @elpaishn @radiohrn @TSiHonduras @diarioelheraldo @Qhubotvoficial Me alegro que se trabaje por la felicidad del pueblo Hondureño y mas con estos parques esta muy genial,0,1158440212185436166,1201199860311044096
neg_10,@JuanOrlandoH @anagarciacarias @LaTribunahn @TN5Telenoticias @RCVHonduras @elpaishn @radiohrn @TSiHonduras @diarioelheraldo @Qhubotvoficial Me alegro que se trabaje por la felicidad del pueblo Hondureño y mas con estos parques esta muy genial,@TNHonduras El pueblo sabe presidente que esta gente lo que esta haciendo es buscar perjudicarlo pero sabemos que usted todo lo que ha hecho es siempre pensando en el bienestar del pueblo,0,1201199860311044096,1166155825896919040
neg_11,@TNHonduras El pueblo sabe presidente que esta gente lo que esta haciendo es buscar perjudicarlo pero sabemos que usted todo lo que ha hecho es siempre pensando en el bienestar del pueblo,@ricardo_hn Muchas felicidades,0,1166155825896919040,1173685471752404992
neg_12,@ricardo_hn Muchas felicidades,"@Rostros_Barrio @JuanOrlandoH @DiarioTiempo La belleza de nuestro pais no se compara con nada tenemos que seguir protegiendo los bosques para no perder nuestras diversidad 
@FrenteaFrenteHN 
@Rostros_Barrio",0,1173685471752404992,1158200153641295872
neg_13,"@Rostros_Barrio @JuanOrlandoH @DiarioTiempo La belleza de nuestro pais no se compara con nada tenemos que seguir protegiendo los bosques para no perder nuestras diversidad 
@FrenteaFrenteHN 
@Rostros_Barrio","RT @Presidencia_HN: Pdte.@JuanOrlandoH continúa este miércoles con la socialización de La Ley de #AlivioDeDeuda para los Trabajadores, en e…",0,1158200153641295872,53966159
neg_14,"RT @Presidencia_HN: Pdte.@JuanOrlandoH continúa este miércoles con la socialización de La Ley de #AlivioDeDeuda para los Trabajadores, en e…","RT @JuanOrlandoH: El Paraíso también viene con todo este #FeriadoMorazánico y me da gusto verlos con las pilas bien puestas!

Sostuvimos un…",0,53966159,1153405811315695616
neg_15,"RT @JuanOrlandoH: El Paraíso también viene con todo este #FeriadoMorazánico y me da gusto verlos con las pilas bien puestas!

Sostuvimos un…",@FrenteaFrenteHN antes que investiguen al residente deberías de ponerte a pensar que vos estuviste antes que el ignorante vas mal,0,1153405811315695616,1157766828862709760
neg_16,@FrenteaFrenteHN antes que investiguen al residente deberías de ponerte a pensar que vos estuviste antes que el ignorante vas mal,@ricardo_hn Amén muy bella reflexión,0,1157766828862709760,1184928315238424576
neg_17,@ricardo_hn Amén muy bella reflexión,"RT @JuanOrlandoH: ¿Qué se puede decir sobre una condena basada en testimonios de asesinos confesos, y argumentos que varios de estos testig…",0,1184928315238424576,1178672929116172288
neg_18,"RT @JuanOrlandoH: ¿Qué se puede decir sobre una condena basada en testimonios de asesinos confesos, y argumentos que varios de estos testig…",RT @JuanOrlandoH: Alivio de Deuda. https://t.co/rjH9XTEdVI,0,1178672929116172288,1157383251197157376
neg_19,RT @JuanOrlandoH: Alivio de Deuda. https://t.co/rjH9XTEdVI,@JuanOrlandoH Una gran ayuda para todos #AlivioDeDeuda,0,1157383251197157376,957710137145413632
neg_20,@JuanOrlandoH Una gran ayuda para todos #AlivioDeDeuda,RT @JuanOrlandoH: 🔴📡| EN VIVO: Disertación en la 74° Asamblea General de la ONU. #HondurasEnLaONU https://t.co/NgySxIczHM,0,957710137145413632,1156944014748336128
neg_21,RT @JuanOrlandoH: 🔴📡| EN VIVO: Disertación en la 74° Asamblea General de la ONU. #HondurasEnLaONU https://t.co/NgySxIczHM,RT @VidaMejorHN: #NavidadCatracha https://t.co/Qc3zyy0UKt,0,1156944014748336128,1072175918846828544
neg_22,RT @VidaMejorHN: #NavidadCatracha https://t.co/Qc3zyy0UKt,RT @JuanOrlandoH: Más del 60% de los trabajadores hondureños solo ven pasar su salario a fin de mes. Es urgente que el @Congreso_HND retome…,0,1072175918846828544,1128805758362161152
neg_23,RT @JuanOrlandoH: Más del 60% de los trabajadores hondureños solo ven pasar su salario a fin de mes. Es urgente que el @Congreso_HND retome…,"RT @JuanOrlandoH: URGENTE/IMPORTANTE.
1)  Que se publique el reglamento de ley de #AlivioDeDeuda por parte de la Comisión Nacional de Banco…",0,1128805758362161152,1105178976081850369
neg_24,"RT @JuanOrlandoH: URGENTE/IMPORTANTE.
1)  Que se publique el reglamento de ley de #AlivioDeDeuda por parte de la Comisión Nacional de Banco…",RT @JuanOrlandoH: Reunión SINAGER https://t.co/kEM6B4HrgU,0,1105178976081850369,1197212883958091776
neg_25,RT @JuanOrlandoH: Reunión SINAGER https://t.co/kEM6B4HrgU,RT @JuanOrlandoH: ALTO ENDEUDAMIENTO  de cerca de UN MILLON de trabajadores es GRAVE.                                La solución es que se…,0,1197212883958091776,1154165199273889792
neg_26,RT @JuanOrlandoH: ALTO ENDEUDAMIENTO  de cerca de UN MILLON de trabajadores es GRAVE.                                La solución es que se…,"RT @JuanOrlandoH: Ayer les dejé el reto de rapel en La Estanzuela; hoy les dejo el reto del canopy El Chiflador, siempre en Marcala, La Paz…",0,1154165199273889792,1151676101355331584
neg_27,"RT @JuanOrlandoH: Ayer les dejé el reto de rapel en La Estanzuela; hoy les dejo el reto del canopy El Chiflador, siempre en Marcala, La Paz…",@TN5Telenoticias @JuanOrlandoH Vemos los mejores resultados que se han regenerado en el pais que gran trabajo departe de nuestro gobierno,0,1151676101355331584,1154756203576254464
neg_28,@TN5Telenoticias @JuanOrlandoH Vemos los mejores resultados que se han regenerado en el pais que gran trabajo departe de nuestro gobierno,RT @JuanOrlandoH: La noche da paso al encendido de miles de luces de colores de las Villas Navideñas en los 18 departamentos del país. Los…,0,1154756203576254464,2481909503
neg_29,RT @JuanOrlandoH: La noche da paso al encendido de miles de luces de colores de las Villas Navideñas en los 18 departamentos del país. Los…,RT @JuanOrlandoH: Hoy estamos sancionando la Ley #AlivioDeDeuda que tiene su espíritu en la solidaridad con la angustia de tantas familias…,0,2481909503,732582400060882944
neg_30,RT @JuanOrlandoH: Hoy estamos sancionando la Ley #AlivioDeDeuda que tiene su espíritu en la solidaridad con la angustia de tantas familias…,@LaTribunahn Agradecemos sin duda el gran desempeño del Gobierno actual que sigue impulsando grandes proyectos como estos.,0,732582400060882944,1198420040770568192
neg_31,@LaTribunahn Agradecemos sin duda el gran desempeño del Gobierno actual que sigue impulsando grandes proyectos como estos.,"De esta manera funcionará la nueva Ley #AlivioDeDeuda.

#TrabajandoPorHonduras #VidaMejor https://t.co/1fKsLdcKlh",0,1198420040770568192,1004421948
neg_32,"De esta manera funcionará la nueva Ley #AlivioDeDeuda.

#TrabajandoPorHonduras #VidaMejor https://t.co/1fKsLdcKlh",@FrenteaFrenteHN Que bueno que nuestras FFAA tendrán el control asi todo los internos se van a respetar la vida y sus familias estará tranquilas ya que este es un centro de reclusorio para recuperar a personas violentas,0,1004421948,1202594825670922240
neg_33,@FrenteaFrenteHN Que bueno que nuestras FFAA tendrán el control asi todo los internos se van a respetar la vida y sus familias estará tranquilas ya que este es un centro de reclusorio para recuperar a personas violentas,"RT @JuanOrlandoH: 1. De hecho, el fiscal no dijo eso, nunca dijo que el Presidente recibió nada.
2. Y la alegación en sí es 100% falsa, abs…",0,1202594825670922240,1153400079019061248
neg_34,"RT @JuanOrlandoH: 1. De hecho, el fiscal no dijo eso, nunca dijo que el Presidente recibió nada.
2. Y la alegación en sí es 100% falsa, abs…","RT @PREVENCIONGAB: Llegando a los 4 puntos cardinales de #Honduras, #Hoy junto a los niños y niñas del Barrio Bella Vista de Puerto Lempira…",0,1153400079019061248,1037482541358428161
neg_35,"RT @PREVENCIONGAB: Llegando a los 4 puntos cardinales de #Honduras, #Hoy junto a los niños y niñas del Barrio Bella Vista de Puerto Lempira…",@MoonWorld_94 Quédate con la persona que te vea y sonría como Hobi ve y sonríe a Becky.🤧❤️,0,1037482541358428161,1152747258921852928
neg_36,@MoonWorld_94 Quédate con la persona que te vea y sonría como Hobi ve y sonríe a Becky.🤧❤️,@radioamericahn Los de la plataforma solo les interesa ver mal al pais cada dia por favor que se haga lo mejor por el pais ya vasta de tanto odio,0,1152747258921852928,1153666992689352704
neg_37,@radioamericahn Los de la plataforma solo les interesa ver mal al pais cada dia por favor que se haga lo mejor por el pais ya vasta de tanto odio,@radioamericahn Se nota el esfuerzo del gobierno por seguir disminuyendo los casos de dengue vamos por una mejor Honduras,0,1153666992689352704,1156594183186112512
neg_38,@radioamericahn Se nota el esfuerzo del gobierno por seguir disminuyendo los casos de dengue vamos por una mejor Honduras,RT @JuanOrlandoH: MENSAJE AL PUEBLO HONDUREÑO Y COMUNIDAD INTERNACIONAL. https://t.co/OM4U0RbX5U,0,1156594183186112512,1152048337975164928
neg_39,RT @JuanOrlandoH: MENSAJE AL PUEBLO HONDUREÑO Y COMUNIDAD INTERNACIONAL. https://t.co/OM4U0RbX5U,@JuanOrlandoH Asi tiene que ser muchos tiene que disfrutar el tiempo y sacarle provecho,0,1152048337975164928,1202806443231137792
neg_40,@JuanOrlandoH Asi tiene que ser muchos tiene que disfrutar el tiempo y sacarle provecho,@jeeanelle23 Jajaja!!!,0,1202806443231137792,1091126701034258432
neg_41,@jeeanelle23 Jajaja!!!,"Presidente @JuanOrlandoH  anima a trabajadores de maquila a aprovechar Ley de #AlivioDeDeuda.

⬇️⬇️⬇️
https://t.co/m8WyXZIJUL https://t.co/JtWPgaVe41",0,1091126701034258432,1145775630
neg_42,"Presidente @JuanOrlandoH  anima a trabajadores de maquila a aprovechar Ley de #AlivioDeDeuda.

⬇️⬇️⬇️
https://t.co/m8WyXZIJUL https://t.co/JtWPgaVe41",@radioamericahn Una gran iniciativa porque se esta dando muy buenas oportunidades a los hondureños con un trabajo que mejore su calidad de vida,0,1145775630,1156938315934982144
neg_43,@radioamericahn Una gran iniciativa porque se esta dando muy buenas oportunidades a los hondureños con un trabajo que mejore su calidad de vida,"RT @PREVENCIONGAB: #NavidadCatracha es compartir. Hoy los niños y niñas del Barrio Usupum de Puerto Lempira, Gracias a Dios disfrutaron de…",0,1156938315934982144,1037482541358428161
neg_44,"RT @PREVENCIONGAB: #NavidadCatracha es compartir. Hoy los niños y niñas del Barrio Usupum de Puerto Lempira, Gracias a Dios disfrutaron de…",RT @JuanOrlandoH: Hemos trabajado fuertemente de día y de noche y ahora nos complace entregarle a nuestros trabajadores el reglamento de la…,0,1037482541358428161,1192500242240946177
neg_45,RT @JuanOrlandoH: Hemos trabajado fuertemente de día y de noche y ahora nos complace entregarle a nuestros trabajadores el reglamento de la…,"RT @JuanOrlandoH: Despedimos a Igor Garafulic un gran amigo de Honduras, su gestión promoviendo el diálogo dejará huella imborrable en la h…",0,1192500242240946177,1152795261351145472
neg_46,"RT @JuanOrlandoH: Despedimos a Igor Garafulic un gran amigo de Honduras, su gestión promoviendo el diálogo dejará huella imborrable en la h…",@TNHonduras Es algo bueno lo que esta haciendo el gobierno así que no siga inventando pepe estupideces,0,1152795261351145472,1166391523203866624
neg_47,@TNHonduras Es algo bueno lo que esta haciendo el gobierno así que no siga inventando pepe estupideces,RT @JuanOrlandoH: Hemos trabajado fuertemente de día y de noche y ahora nos complace entregarle a nuestros trabajadores el reglamento de la…,0,1166391523203866624,1190737321525698560
neg_48,RT @JuanOrlandoH: Hemos trabajado fuertemente de día y de noche y ahora nos complace entregarle a nuestros trabajadores el reglamento de la…,"RT @ciudadmujerhn: Disfruta del gran ambiente de la #VillaNavideña hoy en el Complejo Deportivo de la Villa Olímpica de Tegucigalpa.

¡Entr…",0,1190737321525698560,1091398622393044993
neg_49,"RT @ciudadmujerhn: Disfruta del gran ambiente de la #VillaNavideña hoy en el Complejo Deportivo de la Villa Olímpica de Tegucigalpa.

¡Entr…",RT @anagarciacarias: Miles de compatriotas compartieron momentos alegres en el #FestivalDelFrío que realizó el gobierno de la República. Cu…,0,1091398622393044993,2755364700
neg_50,RT @anagarciacarias: Miles de compatriotas compartieron momentos alegres en el #FestivalDelFrío que realizó el gobierno de la República. Cu…,@JuanOrlandoH @LaTribunahn @DiarioDiezHn @DiarioRoatan @radioamericahn @radiohrn @TSiHonduras @11_Noticias @elpaishn @diarioelheraldo @tunota_com Es una dicha que mi Presidente @JuanOrlandoH se preocupe por todo el pais,0,2755364700,1189766199179141120
neg_51,@JuanOrlandoH @LaTribunahn @DiarioDiezHn @DiarioRoatan @radioamericahn @radiohrn @TSiHonduras @11_Noticias @elpaishn @diarioelheraldo @tunota_com Es una dicha que mi Presidente @JuanOrlandoH se preocupe por todo el pais,"RT @VidaMejorHN: El nuevo #ParqueVidaMejor #9️⃣8️⃣ ""Giriga"", que es el primer parque de playa, es inaugurado este día en Santa Fe #Colón.…",0,1189766199179141120,923387066070814726
neg_52,"RT @VidaMejorHN: El nuevo #ParqueVidaMejor #9️⃣8️⃣ ""Giriga"", que es el primer parque de playa, es inaugurado este día en Santa Fe #Colón.…",@hondudiario Seamos mas conscientes  ya no usemos tanto plástico tenemos que cuidar mas nuestro planeta tierra felicidades al Gobierno,0,923387066070814726,1163578674488238080
neg_53,@hondudiario Seamos mas conscientes  ya no usemos tanto plástico tenemos que cuidar mas nuestro planeta tierra felicidades al Gobierno,RT @JuanOrlandoH: 1/3. No perderemos el rumbo a pesar de las voces fatalistas. Los 410 millones de dólares de inversión en la maquila que g…,0,1163578674488238080,1040473171399516160
neg_54,RT @JuanOrlandoH: 1/3. No perderemos el rumbo a pesar de las voces fatalistas. Los 410 millones de dólares de inversión en la maquila que g…,RT @JuanOrlandoH: En mi primer año de gobierno declaramos al turismo como una prioridad y comenzamos a generar las facilidades de conectivi…,0,1040473171399516160,1190724947422982144
neg_55,RT @JuanOrlandoH: En mi primer año de gobierno declaramos al turismo como una prioridad y comenzamos a generar las facilidades de conectivi…,@hondudiario Es excelente que se trate de hacer lo bueno por el pais por que se hace que ya no viajan los inmigrantes para que no corran peligro,0,1190724947422982144,1159514361104347136
neg_56,@hondudiario Es excelente que se trate de hacer lo bueno por el pais por que se hace que ya no viajan los inmigrantes para que no corran peligro,"RT @JuanOrlandoH: Alegres de estar en Santiago de Puringla, La Paz, compartiendo con los niños del municipio y entregándoles el #ParqueVida…",0,1159514361104347136,195946522
neg_57,"RT @JuanOrlandoH: Alegres de estar en Santiago de Puringla, La Paz, compartiendo con los niños del municipio y entregándoles el #ParqueVida…","Cine comunitario y tamalito navideño en la comunidad de Santa Lucia, municipio de La Labor, departamento de Ocotepeque #NavidadCatracha #JuanOrlandoHernandezPresidente https://t.co/ap2LK2DX7R",0,195946522,796705846537449472
neg_58,"Cine comunitario y tamalito navideño en la comunidad de Santa Lucia, municipio de La Labor, departamento de Ocotepeque #NavidadCatracha #JuanOrlandoHernandezPresidente https://t.co/ap2LK2DX7R","@BTS_twt ""Mi primer y último modelo a seguir.""

Llorando ando ysi.😭😭❤️ https://t.co/CA3lqdj7Lj",0,796705846537449472,1152747258921852928
neg_59,"@BTS_twt ""Mi primer y último modelo a seguir.""

Llorando ando ysi.😭😭❤️ https://t.co/CA3lqdj7Lj","RT @banasuprohn: Dígale ADIÓS a la central de riesgo con la Ley de #AlivioDeDeuda.

Trabajadores del sector público y de la empresa privada…",0,1152747258921852928,1198023054967881730
neg_60,"RT @banasuprohn: Dígale ADIÓS a la central de riesgo con la Ley de #AlivioDeDeuda.

Trabajadores del sector público y de la empresa privada…",RT @JuanOrlandoH: 🔴📡| EN VIVO: Mensaje para el pueblo hondureño y la comunidad internacional. https://t.co/pytqmrFvB4,0,1198023054967881730,1179460944847687680
neg_61,RT @JuanOrlandoH: 🔴📡| EN VIVO: Mensaje para el pueblo hondureño y la comunidad internacional. https://t.co/pytqmrFvB4,@TNHonduras Se ven los grandes resultados qué gran manera de la primera danma y de el gobierno en regalar un techo digno que bueno lo que ustedes hacen por el pùeblo,0,1179460944847687680,1192841455389364224
neg_62,@TNHonduras Se ven los grandes resultados qué gran manera de la primera danma y de el gobierno en regalar un techo digno que bueno lo que ustedes hacen por el pùeblo,@JuanOrlandoH Excelente #AlivioDeDeuda💪,0,1192841455389364224,1189641643143680001
neg_63,@JuanOrlandoH Excelente #AlivioDeDeuda💪,"RT @MargiH: ¡Limpia tu historial crediticio! 

Si te pagan a través de planilla aprovecha este alivio a tu bolsillo 👍🏼

#AlivioDeDeuda http…",0,1189641643143680001,1092481563227574272
neg_64,"RT @MargiH: ¡Limpia tu historial crediticio! 

Si te pagan a través de planilla aprovecha este alivio a tu bolsillo 👍🏼

#AlivioDeDeuda http…",RT @VidaMejorHN: #FestivalDelFrio #NavidadCatracha https://t.co/uFMFVilZqG,0,1092481563227574272,1200230608959627265
neg_65,RT @VidaMejorHN: #FestivalDelFrio #NavidadCatracha https://t.co/uFMFVilZqG,"RT @JuanOrlandoH: ¡GRACIAS EMPRENDEDORES HONDUREÑOS!

Este año las Villas Navideñas de la #NavidadCatracha sirvieron como un espacio para q…",0,1200230608959627265,1197539379411111936
neg_66,"RT @JuanOrlandoH: ¡GRACIAS EMPRENDEDORES HONDUREÑOS!

Este año las Villas Navideñas de la #NavidadCatracha sirvieron como un espacio para q…",@JuanOrlandoH @Qhubotvoficial @HoyMismoTSI @radiohrn @RCVHonduras @TN5Telenoticias @HCHTelevDigital @Canal6Honduras Ajuterique es un pueblo con mucho encanto y en esta época de la #NavidadCatracha lo podemos disfrutar con nuestra famili,0,1197539379411111936,1205991620098895872
neg_67,@JuanOrlandoH @Qhubotvoficial @HoyMismoTSI @radiohrn @RCVHonduras @TN5Telenoticias @HCHTelevDigital @Canal6Honduras Ajuterique es un pueblo con mucho encanto y en esta época de la #NavidadCatracha lo podemos disfrutar con nuestra famili,"RT @JuanOrlandoH: Para ayudar a la gente hay que conocer sus necesidades, ponernos en sus zapatos y brindarles el apoyo necesario para mejo…",0,1205991620098895872,145413721
neg_68,"RT @JuanOrlandoH: Para ayudar a la gente hay que conocer sus necesidades, ponernos en sus zapatos y brindarles el apoyo necesario para mejo…",@JuanOrlandoH Estamos alegres de ver como nuestra Honduras se esta levantando gracias al apoyo de nuestro presidente que siempre esta brindando la ayuda necesaria,0,145413721,1202594825670922240
neg_69,@JuanOrlandoH Estamos alegres de ver como nuestra Honduras se esta levantando gracias al apoyo de nuestro presidente que siempre esta brindando la ayuda necesaria,"@BTS_twt NAMU SOS UN ANGELITO TAN PRECIOSO 😭😭
QUE LINDO PERRITO",0,1202594825670922240,1152747258921852928
neg_70,"@BTS_twt NAMU SOS UN ANGELITO TAN PRECIOSO 😭😭
QUE LINDO PERRITO",RT @JuanOrlandoH: Este mensaje fue del 1 de mayo ahora pedimos @Congreso_HND que apruebe ese beneficio para el bolsillo de estas familias y…,0,1152747258921852928,135734792
neg_71,RT @JuanOrlandoH: Este mensaje fue del 1 de mayo ahora pedimos @Congreso_HND que apruebe ese beneficio para el bolsillo de estas familias y…,"RT @JuanOrlandoH: El 2020 es una hoja en blanco en la que podemos escribir, con firmeza, unidad, empeño, trabajo duro, fe y esperanza, una…",0,135734792,1202332673483689984
neg_72,"RT @JuanOrlandoH: El 2020 es una hoja en blanco en la que podemos escribir, con firmeza, unidad, empeño, trabajo duro, fe y esperanza, una…","RT @JuanOrlandoH: ¡Felicidades al Ejército de Honduras por cumplirse hoy 194 años de fundación! Gracias, en nombre del pueblo hondureño, po…",0,1202332673483689984,1198343298810875904
neg_73,"RT @JuanOrlandoH: ¡Felicidades al Ejército de Honduras por cumplirse hoy 194 años de fundación! Gracias, en nombre del pueblo hondureño, po…",@TN5Telenoticias No cabe duda que este viejo cara de culo de Mel solo quiere seguir perjudicando el Pdte pero no lo vas a lograr porque el si sabe donde esta parado,0,1198343298810875904,1148680733306867712
neg_74,@TN5Telenoticias No cabe duda que este viejo cara de culo de Mel solo quiere seguir perjudicando el Pdte pero no lo vas a lograr porque el si sabe donde esta parado,@JuanOrlandoH Gracias sin duda a nuestras autoridades que brindan su máximo esfuerzo para poder abrir mas oportunidades para nuestro país. #HondurasEnLaONU,0,1148680733306867712,1166450351375101952
neg_75,@JuanOrlandoH Gracias sin duda a nuestras autoridades que brindan su máximo esfuerzo para poder abrir mas oportunidades para nuestro país. #HondurasEnLaONU,"RT @JuanOrlandoH: Hemos logrado llegar al parque #98, como se los prometí a mis amigos en Santa Fe, Colón, ahora podrán disfrutar del prime…",0,1166450351375101952,1202354201420062720
neg_76,"RT @JuanOrlandoH: Hemos logrado llegar al parque #98, como se los prometí a mis amigos en Santa Fe, Colón, ahora podrán disfrutar del prime…",RT @JuanOrlandoH: 🔴📡| EN VIVO: Mensaje para el pueblo hondureño y la comunidad internacional. https://t.co/pytqmrFvB4,0,1202354201420062720,1151696625141784576
neg_77,RT @JuanOrlandoH: 🔴📡| EN VIVO: Mensaje para el pueblo hondureño y la comunidad internacional. https://t.co/pytqmrFvB4,"Ya hay Hyuna, vv. ):",0,1151696625141784576,945521575759138816
neg_78,"Ya hay Hyuna, vv. ):",@FrenteaFrenteHN #LeyDeAlivioDeDeuda un gran beneficio para los empleados públicos como privados,0,945521575759138816,1182393289766572032
neg_79,@FrenteaFrenteHN #LeyDeAlivioDeDeuda un gran beneficio para los empleados públicos como privados,@Rostros_Barrio @JuanOrlandoH @radiohrn Que buenas noticias saber que se esta firmando un buen convenio para beneficio de nuestro país @Rostro_Barrio  @tencanal10,0,1182393289766572032,1148674146303451136
neg_80,@Rostros_Barrio @JuanOrlandoH @radiohrn Que buenas noticias saber que se esta firmando un buen convenio para beneficio de nuestro país @Rostro_Barrio  @tencanal10,RT @diarioelheraldo: Preguntas y respuestas sobre la Ley de Alivio de los Trabajadores proporcionadas por la Comisión Nacional de Bancos y…,0,1148674146303451136,1037511625165754369
neg_81,RT @diarioelheraldo: Preguntas y respuestas sobre la Ley de Alivio de los Trabajadores proporcionadas por la Comisión Nacional de Bancos y…,RT @JuanOrlandoH: La Ley de #AlivioDeDeuda sacará de la asfixia económica a cerca de un millón de trabajadores y acabará con la angustia de…,0,1037511625165754369,1100232819941490688
neg_82,RT @JuanOrlandoH: La Ley de #AlivioDeDeuda sacará de la asfixia económica a cerca de un millón de trabajadores y acabará con la angustia de…,RT @JuanOrlandoH: Que se sienta el orgullo y la satisfacción de tener en nuestro país unas Fuerzas Armadas integradas por hondureños que si…,0,1100232819941490688,1165759003244281856
neg_83,RT @JuanOrlandoH: Que se sienta el orgullo y la satisfacción de tener en nuestro país unas Fuerzas Armadas integradas por hondureños que si…,"RT @JuanOrlandoH: Estoy contento porque estamos entregando el #ParqueVidaMejor #90 en Trojes, El Paraíso, estos parques van a cambiar a Hon…",0,1165759003244281856,2427582692
neg_84,"RT @JuanOrlandoH: Estoy contento porque estamos entregando el #ParqueVidaMejor #90 en Trojes, El Paraíso, estos parques van a cambiar a Hon…",#NavidadCatracha https://t.co/i5tXqdXJUA,0,2427582692,1004421948
neg_85,#NavidadCatracha https://t.co/i5tXqdXJUA,RT @JuanOrlandoH: Amigos de la Universidad de Navarra; les enviamos 19 de los docentes más destacados de Honduras para continuar sus estudi…,0,1004421948,1172727327819804672
neg_86,RT @JuanOrlandoH: Amigos de la Universidad de Navarra; les enviamos 19 de los docentes más destacados de Honduras para continuar sus estudi…,RT @JuanOrlandoH: Felicidades jóvenes emprendedores por aprovechar su tiempo sacando adelante sus negocios en la villa navideña de la #Navi…,0,1172727327819804672,141369853
neg_87,RT @JuanOrlandoH: Felicidades jóvenes emprendedores por aprovechar su tiempo sacando adelante sus negocios en la villa navideña de la #Navi…,@JuanOrlandoH @Congreso_HND Gracias por crear esta ayuda Pdte JOH que va a venir a solventar las deudas de muchos de nosotros esperamos mas apoyo de parte del @Congreso_HND,0,141369853,1163570731722190848
neg_88,@JuanOrlandoH @Congreso_HND Gracias por crear esta ayuda Pdte JOH que va a venir a solventar las deudas de muchos de nosotros esperamos mas apoyo de parte del @Congreso_HND,@hondudiario Gracias al buen trabajo que esta haciendo el Gobierno para ver lo mejor del turismo,0,1163570731722190848,1161157867753398272
neg_89,@hondudiario Gracias al buen trabajo que esta haciendo el Gobierno para ver lo mejor del turismo,"¡La ley de #AlivioDeDeuda ya es una realidad! 
Llama a la línea 130 para cualquier duda o consulta. 📲 https://t.co/0IqadgblsN",0,1161157867753398272,2319310896
neg_90,"¡La ley de #AlivioDeDeuda ya es una realidad! 
Llama a la línea 130 para cualquier duda o consulta. 📲 https://t.co/0IqadgblsN","RT @JuanOrlandoH: Gracias por el mensaje Michelle, en estos momentos estoy esperando recibir del @Congreso_HND la Ley de Marinos para sanci…",0,2319310896,1152048337975164928
neg_91,"RT @JuanOrlandoH: Gracias por el mensaje Michelle, en estos momentos estoy esperando recibir del @Congreso_HND la Ley de Marinos para sanci…","RT @JuanOrlandoH: Felicidades jóvenes su talento y su entusiasmo para rendirle tributo a nuestra patria. Cada mes, cada semana y cada día d…",0,1152048337975164928,1165759003244281856
neg_92,"RT @JuanOrlandoH: Felicidades jóvenes su talento y su entusiasmo para rendirle tributo a nuestra patria. Cada mes, cada semana y cada día d…","RT @JuanOrlandoH: En la escala del 1 al 10 el Distrito Turístico Joya de los Lagos, para ustedes, ¿qué tan bonito es Honduras?

Invitados t…",0,1165759003244281856,1169231706353799168
neg_93,"RT @JuanOrlandoH: En la escala del 1 al 10 el Distrito Turístico Joya de los Lagos, para ustedes, ¿qué tan bonito es Honduras?

Invitados t…","RT @JuanOrlandoH: Hemos logrado llegar al parque #98, como se los prometí a mis amigos en Santa Fe, Colón, ahora podrán disfrutar del prime…",0,1169231706353799168,1198380508683685888
neg_94,"RT @JuanOrlandoH: Hemos logrado llegar al parque #98, como se los prometí a mis amigos en Santa Fe, Colón, ahora podrán disfrutar del prime…",@JuanOrlandoH Sabemos que el Presidente @JuanOrlandoH siempre está buscando las mejores oportunidades para todos los productores del país,0,1198380508683685888,1190749623398412288
neg_95,@JuanOrlandoH Sabemos que el Presidente @JuanOrlandoH siempre está buscando las mejores oportunidades para todos los productores del país,@JuanOrlandoH #juanOrlandoHernandes #AlivioDeDeuda exelente,0,1190749623398412288,1150203415647195136
neg_96,@JuanOrlandoH #juanOrlandoHernandes #AlivioDeDeuda exelente,RT @JuanOrlandoH: ALTO ENDEUDAMIENTO  de cerca de UN MILLON de trabajadores es GRAVE.                                La solución es que se…,0,1150203415647195136,1175492100256862210
neg_97,RT @JuanOrlandoH: ALTO ENDEUDAMIENTO  de cerca de UN MILLON de trabajadores es GRAVE.                                La solución es que se…,"RT @JuanOrlandoH: Ningún candidato presidencial quiso enfrentarlo. Desde inicio en mi campaña electoral del 2013 dije:
1) Iremos de frente…",0,1175492100256862210,1027297812852236288
neg_98,"RT @JuanOrlandoH: Ningún candidato presidencial quiso enfrentarlo. Desde inicio en mi campaña electoral del 2013 dije:
1) Iremos de frente…",RT @JuanOrlandoH: Crecí escuchando HRN. Felicidades al equipo de la N grande de Honduras por estos 86 años en el corazón del pueblo hondure…,0,1027297812852236288,1150815291565326336
neg_99,RT @JuanOrlandoH: Crecí escuchando HRN. Felicidades al equipo de la N grande de Honduras por estos 86 años en el corazón del pueblo hondure…,@hondudiario Sin duda alguna nuestro pais va avanzando y se que vamos a ser una nación muy reconocida turistica mente  por todos sus encantos,0,1150815291565326336,1161020845294309376
neg_100,@hondudiario Sin duda alguna nuestro pais va avanzando y se que vamos a ser una nación muy reconocida turistica mente  por todos sus encantos,"RT @JuanOrlandoH: Llegamos al #ParqueVidaMejor #92 en todo el país; muchas felicidades familias de Azacualpa! 

¡Otro parque más a la lista…",0,1161020845294309376,1201364828461445120
neg_101,"RT @JuanOrlandoH: Llegamos al #ParqueVidaMejor #92 en todo el país; muchas felicidades familias de Azacualpa! 

¡Otro parque más a la lista…",MI PODEROSISISISISIMO BINNIE,0,1201364828461445120,3253073797
neg_102,MI PODEROSISISISISIMO BINNIE,RT @JuanOrlandoH: 🔴📡| EN VIVO: Mensaje para el pueblo hondureño y la comunidad internacional. https://t.co/pytqmrFvB4,0,3253073797,1151676101355331584
neg_103,RT @JuanOrlandoH: 🔴📡| EN VIVO: Mensaje para el pueblo hondureño y la comunidad internacional. https://t.co/pytqmrFvB4,"RT @JuanOrlandoH: El avance que estamos dando es extraordinario en la lucha por conservar, por explotar nuestros recursos, pero también en…",0,1151676101355331584,1190696999596822528
neg_104,"RT @JuanOrlandoH: El avance que estamos dando es extraordinario en la lucha por conservar, por explotar nuestros recursos, pero también en…","RT @JuanOrlandoH: Increíble ambiente se disfruta en la #VillaNavideña de la Villa Olímpica en el Distrito Central.
Familias disfrutando al…",0,1190696999596822528,1208007155242192896
neg_105,"RT @JuanOrlandoH: Increíble ambiente se disfruta en la #VillaNavideña de la Villa Olímpica en el Distrito Central.
Familias disfrutando al…",RT @PREVENCIONGAB: Cientos de sampedranos colman las instalaciones de la Villa Navideña ubicada en los predios del antiguo centro penal de…,0,1208007155242192896,1193226621081341954
neg_106,RT @PREVENCIONGAB: Cientos de sampedranos colman las instalaciones de la Villa Navideña ubicada en los predios del antiguo centro penal de…,@HCHTelevDigital Si es correcto lo que hacen es hacer esto para que digan que JOH ha generado y ha permitido la entrada de armas al centro penal pero no es correcto esto es algo que lo hicieron para que dijeran que el es responsable,0,1193226621081341954,1187057134514638848
neg_107,@HCHTelevDigital Si es correcto lo que hacen es hacer esto para que digan que JOH ha generado y ha permitido la entrada de armas al centro penal pero no es correcto esto es algo que lo hicieron para que dijeran que el es responsable,RT @anagarciacarias: Miles de compatriotas compartieron momentos alegres en el #FestivalDelFrío que realizó el gobierno de la República. Cu…,0,1187057134514638848,3152826129
neg_108,RT @anagarciacarias: Miles de compatriotas compartieron momentos alegres en el #FestivalDelFrío que realizó el gobierno de la República. Cu…,@ricardo_hn La Ceiba unida con RIAL y Carmen,0,3152826129,900431994210979840
neg_109,@ricardo_hn La Ceiba unida con RIAL y Carmen,@HCHTelevDigital Se ven grandes resultados en el cambio climático se ve lo bueno que hace el gobierno por nuestra Honduras,0,900431994210979840,1194657656688001024
neg_110,@HCHTelevDigital Se ven grandes resultados en el cambio climático se ve lo bueno que hace el gobierno por nuestra Honduras,"RT @JuanOrlandoH: Con mucho agrado y en nombre del pueblo y gobierno de #Honduras, felicito al presidente electo de la República de Argenti…",0,1194657656688001024,1156944014748336128
neg_111,"RT @JuanOrlandoH: Con mucho agrado y en nombre del pueblo y gobierno de #Honduras, felicito al presidente electo de la República de Argenti…","@ricardo_hn La servicial, felicidades",0,1156944014748336128,1174732504089149440
neg_112,"@ricardo_hn La servicial, felicidades",@CLibrehn @OEA_MACCIH @CIDH @ONUDDHH @ciprodeh1 @bbcmundo @nytimesES @chicagotribune @washingtonpost @europapress @EUparliament @ActualidadRT @teleSURtv @AFPespanol @emilyepalmer @defencofadeh @NormaTorres https://t.co/etBGmQRmeF,0,1174732504089149440,3792974892
neg_113,@CLibrehn @OEA_MACCIH @CIDH @ONUDDHH @ciprodeh1 @bbcmundo @nytimesES @chicagotribune @washingtonpost @europapress @EUparliament @ActualidadRT @teleSURtv @AFPespanol @emilyepalmer @defencofadeh @NormaTorres https://t.co/etBGmQRmeF,"@DiarioDiezHn Es lo que provoca este periódico amarillista, más polémica donde no la hay, no pueden seguir llevando y trayendo eso causa polémica y después las desgracias en los estadios",0,3792974892,1728910758
neg_114,"@DiarioDiezHn Es lo que provoca este periódico amarillista, más polémica donde no la hay, no pueden seguir llevando y trayendo eso causa polémica y después las desgracias en los estadios","RT @anagarciacarias: Contenta de celebrar en nombre del gobierno de @JuanOrlandoH la #NavidadCatracha con los niños, niñas y adultos mayore…",0,1728910758,1113958974645252102
neg_115,"RT @anagarciacarias: Contenta de celebrar en nombre del gobierno de @JuanOrlandoH la #NavidadCatracha con los niños, niñas y adultos mayore…",@samyschwartz @pagina_siete @CFValverde @ejutv https://t.co/IbWz0Qerk1,0,1113958974645252102,815187039733825536
neg_116,@samyschwartz @pagina_siete @CFValverde @ejutv https://t.co/IbWz0Qerk1,@noticiasfides ¿A los suplentes también?,0,815187039733825536,815187039733825536
neg_117,@noticiasfides ¿A los suplentes también?,#NavidadCatracha https://t.co/bUoBPMADIr,0,815187039733825536,1163455501004394498
neg_118,#NavidadCatracha https://t.co/bUoBPMADIr,@TN5Telenoticias Anda báñate con agua bendita mejor demonio que solo sabes difamar el Pdte si ni pruebas tenes una para hacer estas acusaciones tenes que tener pruebas no solo con las tapas se abla perro,0,1163455501004394498,1148680733306867712
neg_119,@TN5Telenoticias Anda báñate con agua bendita mejor demonio que solo sabes difamar el Pdte si ni pruebas tenes una para hacer estas acusaciones tenes que tener pruebas no solo con las tapas se abla perro,"RT @JuanOrlandoH: Felicidades, capitalinos, por celebrarse hoy los 441 años de fundación de Tegucigalpa, convertida en una ciudad más moder…",0,1148680733306867712,1151696625141784576
neg_120,"RT @JuanOrlandoH: Felicidades, capitalinos, por celebrarse hoy los 441 años de fundación de Tegucigalpa, convertida en una ciudad más moder…","RT @JuanOrlandoH: Del terror a la Paz y la Felicidad. La primera vez que visité #CiudadEspaña, la gente vivía atemorizada por las maras y p…",0,1151696625141784576,1190733499520733184
neg_121,"RT @JuanOrlandoH: Del terror a la Paz y la Felicidad. La primera vez que visité #CiudadEspaña, la gente vivía atemorizada por las maras y p…",@TNHonduras Es muy importante lo que esta haciendo JOH felicidades siga trabajando en materia de seguridad y dando un buen ejemplo al país que se siga investigando como entraron estas armas y paguen los responsables,0,1190733499520733184,1164564029018378240
neg_122,@TNHonduras Es muy importante lo que esta haciendo JOH felicidades siga trabajando en materia de seguridad y dando un buen ejemplo al país que se siga investigando como entraron estas armas y paguen los responsables,"@FLoReC1ta_ @LetteLop Patricia Ballivian, ¿nada?",0,1164564029018378240,815187039733825536
neg_123,"@FLoReC1ta_ @LetteLop Patricia Ballivian, ¿nada?","RT @JuanOrlandoH: ¿LO RECONOCEN?

Bienvenido a Honduras y bienvenido a Copán Ruinas, Giorgio Tsoukalos, mejor escenario para su programa Al…",0,815187039733825536,1160950924870868992
neg_124,"RT @JuanOrlandoH: ¿LO RECONOCEN?

Bienvenido a Honduras y bienvenido a Copán Ruinas, Giorgio Tsoukalos, mejor escenario para su programa Al…",RT @JuanOrlandoH: Hoy estamos sancionando la Ley #AlivioDeDeuda que tiene su espíritu en la solidaridad con la angustia de tantas familias…,0,1160950924870868992,1145809723435995148
neg_125,RT @JuanOrlandoH: Hoy estamos sancionando la Ley #AlivioDeDeuda que tiene su espíritu en la solidaridad con la angustia de tantas familias…,@hondudiario Sabemos que esto es de hechos y no de tanta palabra gracias presidente por su compromiso,0,1145809723435995148,1158118371667447808
neg_126,@hondudiario Sabemos que esto es de hechos y no de tanta palabra gracias presidente por su compromiso,@gabrieelahh decime si vas a llorar,0,1158118371667447808,1017490267736301568
neg_127,@gabrieelahh decime si vas a llorar,"RT @JuanOrlandoH: URGENTE/IMPORTANTE.
1)  Que se publique el reglamento de ley de #AlivioDeDeuda por parte de la Comisión Nacional de Banco…",0,1017490267736301568,1179101034364461056
neg_128,"RT @JuanOrlandoH: URGENTE/IMPORTANTE.
1)  Que se publique el reglamento de ley de #AlivioDeDeuda por parte de la Comisión Nacional de Banco…","Increíble ambiente se disfruta en la #VillaNavideña de la Villa Olímpica en el Distrito Central.
Familias disfrutando al máximo esta 🎄🎄🎄#NavidadCatracha https://t.co/MyNL9GSg7E",0,1179101034364461056,58244743
neg_129,"Increíble ambiente se disfruta en la #VillaNavideña de la Villa Olímpica en el Distrito Central.
Familias disfrutando al máximo esta 🎄🎄🎄#NavidadCatracha https://t.co/MyNL9GSg7E","RT @JuanOrlandoH: El FBI reveló la magnitud del plan del cartel de los Valle Valle y sus socios para asesinarme, porque sabían que tarde o…",0,58244743,1161853264725532672
neg_130,"RT @JuanOrlandoH: El FBI reveló la magnitud del plan del cartel de los Valle Valle y sus socios para asesinarme, porque sabían que tarde o…","RT @JuanOrlandoH: CADA DIA QUE PASA LOS TRABAJADORES esperan los beneficios de  Ley de #AlivioDeDeuda
casi 1,000,000 de trabajadores/famili…",0,1161853264725532672,1068683610100834305
neg_131,"RT @JuanOrlandoH: CADA DIA QUE PASA LOS TRABAJADORES esperan los beneficios de  Ley de #AlivioDeDeuda
casi 1,000,000 de trabajadores/famili…","RT @JuanOrlandoH: Hoy entregamos el #ParqueVidaMejor 83 en Mamegua, Comayagua, un espacio de sana convivencia familiar y vecinal, pero sobr…",0,1068683610100834305,53966159
neg_132,"RT @JuanOrlandoH: Hoy entregamos el #ParqueVidaMejor 83 en Mamegua, Comayagua, un espacio de sana convivencia familiar y vecinal, pero sobr…","RT @JuanOrlandoH: Hay que cuidar los árboles hasta por tres años, no volvamos a cometer el error de trasplantar y dejarlos que se los coma…",0,53966159,1151690559913943040
neg_133,"RT @JuanOrlandoH: Hay que cuidar los árboles hasta por tres años, no volvamos a cometer el error de trasplantar y dejarlos que se los coma…",RT @VidaMejorHN: #ParqueVidaMejor #9️⃣0️⃣ https://t.co/jlohnUwVJh,0,1151690559913943040,1102040147015725061
neg_134,RT @VidaMejorHN: #ParqueVidaMejor #9️⃣0️⃣ https://t.co/jlohnUwVJh,Son como apartamentos re baratos de mala muerte.,0,1102040147015725061,945521575759138816
neg_135,Son como apartamentos re baratos de mala muerte.,"RT @JuanOrlandoH: Hoy entregamos el Centro de Capacitación de Dirección Nacional de Vialidad y Transporte, que vendrá a mejorar el sistema…",0,945521575759138816,1165759003244281856
neg_136,"RT @JuanOrlandoH: Hoy entregamos el Centro de Capacitación de Dirección Nacional de Vialidad y Transporte, que vendrá a mejorar el sistema…",RT @SEDECOAS_HN: #AlivioDeDeuda https://t.co/bPhjHVEI0U,0,1165759003244281856,1016501623034703872
neg_137,RT @SEDECOAS_HN: #AlivioDeDeuda https://t.co/bPhjHVEI0U,@FrenteaFrenteHN la felicito señora Consuelo porque hay muchos que emos visto el trabajo que a realizado en los centros hospitalarios,0,1016501623034703872,1161368539195944960
neg_138,@FrenteaFrenteHN la felicito señora Consuelo porque hay muchos que emos visto el trabajo que a realizado en los centros hospitalarios,"RT @JuanOrlandoH: El FBI reveló la magnitud del plan del cartel de los Valle Valle y sus socios para asesinarme, porque sabían que tarde o…",0,1161368539195944960,1151696625141784576
neg_139,"RT @JuanOrlandoH: El FBI reveló la magnitud del plan del cartel de los Valle Valle y sus socios para asesinarme, porque sabían que tarde o…","RT @JuanOrlandoH: Hoy en Duyure, Choluteca se hizo realidad un gran sueño, tener su #ParqueVidaMejor y que mejor época para estrenarlo, que…",0,1151696625141784576,1181658910819786753
neg_140,"RT @JuanOrlandoH: Hoy en Duyure, Choluteca se hizo realidad un gran sueño, tener su #ParqueVidaMejor y que mejor época para estrenarlo, que…",RT @JuanOrlandoH: ¡Viva la #NavidadCatracha!😍 https://t.co/Np0TIJ1YoO,0,1181658910819786753,1176951120293453824
neg_141,RT @JuanOrlandoH: ¡Viva la #NavidadCatracha!😍 https://t.co/Np0TIJ1YoO,RT @JuanOrlandoH: La noche da paso al encendido de miles de luces de colores de las Villas Navideñas en los 18 departamentos del país. Los…,0,1176951120293453824,2971436571
neg_142,RT @JuanOrlandoH: La noche da paso al encendido de miles de luces de colores de las Villas Navideñas en los 18 departamentos del país. Los…,RT @JuanOrlandoH: Espero que hayan disfrutado de la Villa Navideña de Tegucigalpa. Hoy clausuramos con éxito este gran espacio que fue crea…,0,2971436571,1096259483943211008
neg_143,RT @JuanOrlandoH: Espero que hayan disfrutado de la Villa Navideña de Tegucigalpa. Hoy clausuramos con éxito este gran espacio que fue crea…,RT @JuanOrlandoH: La Ley de #AlivioDeDeuda sacará de la asfixia económica a cerca de un millón de trabajadores y acabará con la angustia de…,0,1096259483943211008,1191516349664768000
neg_144,RT @JuanOrlandoH: La Ley de #AlivioDeDeuda sacará de la asfixia económica a cerca de un millón de trabajadores y acabará con la angustia de…,RT @JuanOrlandoH: 🔴📡| EN VIVO: Reunión de Alto Nivel sobre Cobertura Universal de Salud. https://t.co/mrjzBsAP0T,0,1191516349664768000,1169231706353799168
neg_145,RT @JuanOrlandoH: 🔴📡| EN VIVO: Reunión de Alto Nivel sobre Cobertura Universal de Salud. https://t.co/mrjzBsAP0T,"RT @JuanOrlandoH: Con la encargada de negocios de Estados Unidos en Honduras, Colleen Hoey, disfrutamos de los desfiles militares, y hablam…",0,1169231706353799168,1182086684848078848
neg_146,"RT @JuanOrlandoH: Con la encargada de negocios de Estados Unidos en Honduras, Colleen Hoey, disfrutamos de los desfiles militares, y hablam…","RT @JuanOrlandoH: ¿Llevan conmigo la cuenta de los #ParquesVidaMejor entregados? 

Hace unos momentos @anagarciacarias entregó el número 89…",0,1182086684848078848,4925924362
neg_147,"RT @JuanOrlandoH: ¿Llevan conmigo la cuenta de los #ParquesVidaMejor entregados? 

Hace unos momentos @anagarciacarias entregó el número 89…",@radioamericahn Que lastima da este viejo de Raul Pineda este solo sabe abrir el pico porque lo tiene que abrir no porque este suelta veneno como sapo,0,4925924362,1148678984571531264
neg_148,@radioamericahn Que lastima da este viejo de Raul Pineda este solo sabe abrir el pico porque lo tiene que abrir no porque este suelta veneno como sapo,@JuanOrlandoH Asi las familias podran salir adelante poco a poco con sus negocios pequeños pero la ayuda es la que cuenta y vale,0,1148678984571531264,1200999623025971200
neg_149,@JuanOrlandoH Asi las familias podran salir adelante poco a poco con sus negocios pequeños pero la ayuda es la que cuenta y vale,Extraño mucho a mi marrano.,0,1200999623025971200,975457163207495680
neg_150,Extraño mucho a mi marrano.,"RT @JuanOrlandoH: Ya está la Ley #AlivioDeDeuda y el reglamento. Ahora estamos revisando los productos con AHIBA, CNBS e Institutos de Prev…",0,975457163207495680,1191040799108194304
neg_151,"RT @JuanOrlandoH: Ya está la Ley #AlivioDeDeuda y el reglamento. Ahora estamos revisando los productos con AHIBA, CNBS e Institutos de Prev…",RT @JuanOrlandoH: La noche da paso al encendido de miles de luces de colores de las Villas Navideñas en los 18 departamentos del país. Los…,0,1191040799108194304,1137879546534014984
neg_152,RT @JuanOrlandoH: La noche da paso al encendido de miles de luces de colores de las Villas Navideñas en los 18 departamentos del país. Los…,RT @JuanOrlandoH: @nytimeses @elnuevoherald @CNN @CNNEE @AFPespanol  @WSJ @VOANoticias @LaTribunahn @DiarioLaPrensa @elpaishn @ReutersLatam…,0,1137879546534014984,1155343952704364544
neg_153,RT @JuanOrlandoH: @nytimeses @elnuevoherald @CNN @CNNEE @AFPespanol  @WSJ @VOANoticias @LaTribunahn @DiarioLaPrensa @elpaishn @ReutersLatam…,@radioamericahn Cada dia el pais avanza gracias al buen trabajo del presidente Hernandez,0,1155343952704364544,1082148035411484672
neg_154,@radioamericahn Cada dia el pais avanza gracias al buen trabajo del presidente Hernandez,@Rubenchi_10 @FutbolBible Totalmente de acuerdo,0,1082148035411484672,883587762
neg_155,@Rubenchi_10 @FutbolBible Totalmente de acuerdo,"RT @JuanOrlandoH: ¡Respuesta inmediata! En medio de las inundaciones que afectaron ayer un sector de Santa Rosa De Copán, personal de Copec…",0,883587762,1186658410319749120
neg_156,"RT @JuanOrlandoH: ¡Respuesta inmediata! En medio de las inundaciones que afectaron ayer un sector de Santa Rosa De Copán, personal de Copec…",@radiohrn gente ñangara que solo buscan destruir la nación y el pais que se ponga mano dura y que se metan a la cárcel a esta gente,0,1186658410319749120,1156599745529503744
neg_157,@radiohrn gente ñangara que solo buscan destruir la nación y el pais que se ponga mano dura y que se metan a la cárcel a esta gente,RT @JuanOrlandoH: #Hechos #NoPalabras #AdelanteHonduras https://t.co/OCDbACmyl2,0,1156599745529503744,1157383251197157376
neg_158,RT @JuanOrlandoH: #Hechos #NoPalabras #AdelanteHonduras https://t.co/OCDbACmyl2,"RT @JuanOrlandoH: CADA DIA QUE PASA LOS TRABAJADORES esperan los beneficios de  Ley de #AlivioDeDeuda
casi 1,000,000 de trabajadores/famili…",0,1157383251197157376,1188474628437696513
neg_159,"RT @JuanOrlandoH: CADA DIA QUE PASA LOS TRABAJADORES esperan los beneficios de  Ley de #AlivioDeDeuda
casi 1,000,000 de trabajadores/famili…",@FrenteaFrenteHN en lo personal si lo miro un poco apresurado este dictamen del Banco Mundial por que esta basado solo  3 meses de supervicion,0,1188474628437696513,1157756459578482688
neg_160,@FrenteaFrenteHN en lo personal si lo miro un poco apresurado este dictamen del Banco Mundial por que esta basado solo  3 meses de supervicion,RT @JuanOrlandoH: Esto es lo que dijo el fiscal: “Esta foto del teléfono del acusado es una encarnación de lo que es el narcotráfico patroc…,0,1157756459578482688,1155142745914318848
neg_161,RT @JuanOrlandoH: Esto es lo que dijo el fiscal: “Esta foto del teléfono del acusado es una encarnación de lo que es el narcotráfico patroc…,@ricardo_hn Nuestros bellos lugares para visitar,0,1155142745914318848,1174051044915077120
neg_162,@ricardo_hn Nuestros bellos lugares para visitar,RT @JuanOrlandoH: ¿Cómo va a vivir alguien con 200 lempiras al mes? Ese era el caso de Dania Flores. Pero con la Ley de #AliviodeDeuda ahor…,0,1174051044915077120,86411843
neg_163,RT @JuanOrlandoH: ¿Cómo va a vivir alguien con 200 lempiras al mes? Ese era el caso de Dania Flores. Pero con la Ley de #AliviodeDeuda ahor…,"@Rostros_Barrio @JuanOrlandoH @TN5Telenoticias Estamos logrando un gran trabajo con esta nueva ley nos ha beneficiado mucho presidente que bueno que siempre piensa por el bienestar de cada uno de nosotros
 @HCHTelevDigital 
 @Rostros_Barrio",0,86411843,1159583046716338176
neg_164,"@Rostros_Barrio @JuanOrlandoH @TN5Telenoticias Estamos logrando un gran trabajo con esta nueva ley nos ha beneficiado mucho presidente que bueno que siempre piensa por el bienestar de cada uno de nosotros
 @HCHTelevDigital 
 @Rostros_Barrio",RT @JuanOrlandoH: AHORRO de energía y protección de la economía familiar. Presentamos mecanismo de ahorro de energía eléctrica que permitir…,0,1159583046716338176,1167450426435874816
neg_165,RT @JuanOrlandoH: AHORRO de energía y protección de la economía familiar. Presentamos mecanismo de ahorro de energía eléctrica que permitir…,@HCHTelevDigital poco a poco danli esta en la ruta al desarrollo aun mas excelente por nuestras carreteras,0,1167450426435874816,1179469235568988160
neg_166,@HCHTelevDigital poco a poco danli esta en la ruta al desarrollo aun mas excelente por nuestras carreteras,"RT @JuanOrlandoH: Gracias a un gran amigo de Honduras, el Señor Embajador de España, Guillermo Kirkpatrick, por ayudarnos a hacer realidad…",0,1179469235568988160,1040473171399516160
neg_167,"RT @JuanOrlandoH: Gracias a un gran amigo de Honduras, el Señor Embajador de España, Guillermo Kirkpatrick, por ayudarnos a hacer realidad…",@radioamericahn por favor raul hay que ser mas coherentes en tu analisis el presidente ni el gobierno de honduras an sido enjuiciadas no confundan las cosas,0,1040473171399516160,1172726502577901568
neg_168,@radioamericahn por favor raul hay que ser mas coherentes en tu analisis el presidente ni el gobierno de honduras an sido enjuiciadas no confundan las cosas,@JuanOrlandoH No se detenga siga asi mi Presidente @JuanOrlandoH por las familias Hondureñas,0,1172726502577901568,1189761833529421824
neg_169,@JuanOrlandoH No se detenga siga asi mi Presidente @JuanOrlandoH por las familias Hondureñas,"Los chicos salieron a explotar y seokjin y yoongi se empezaron a cantar : me arrepiento de esto 

HAHAHAHAHA LPM, SON LO MÁS LPM.😂😂💓
@BTS_twt
https://t.co/EjnpDjK6o3",0,1189761833529421824,1152747258921852928
neg_170,"Los chicos salieron a explotar y seokjin y yoongi se empezaron a cantar : me arrepiento de esto 

HAHAHAHAHA LPM, SON LO MÁS LPM.😂😂💓
@BTS_twt
https://t.co/EjnpDjK6o3",@TSiHonduras @JuanOrlandoH exacto eso es lo que devemos de reslatr que hace tan solo unos años eramos catalogados como un pais con 2 de las ciudaddes mas peligrasos del mundo eso a cambiado ahora,0,1152747258921852928,1172726502577901568
neg_171,@TSiHonduras @JuanOrlandoH exacto eso es lo que devemos de reslatr que hace tan solo unos años eramos catalogados como un pais con 2 de las ciudaddes mas peligrasos del mundo eso a cambiado ahora,Trata a las niñas como princesas porque estas siendo educado por una reina.,0,1172726502577901568,1321485278
neg_172,Trata a las niñas como princesas porque estas siendo educado por una reina.,RT @JuanOrlandoH: ALTO ENDEUDAMIENTO  de cerca de UN MILLON de trabajadores es GRAVE.                                La solución es que se…,0,1321485278,1106722486656425984
neg_173,RT @JuanOrlandoH: ALTO ENDEUDAMIENTO  de cerca de UN MILLON de trabajadores es GRAVE.                                La solución es que se…,@radiohrn Muchas felicidades a todos los habitantes de Nacaome Valle por estar cumpliendo 174 años de haberse constituido como una de las principales ciudades que tiene este departamento,0,1178432838997286913,1159535570433056768
neg_174,@radiohrn Muchas felicidades a todos los habitantes de Nacaome Valle por estar cumpliendo 174 años de haberse constituido como una de las principales ciudades que tiene este departamento,RT @JuanOrlandoH: La noche da paso al encendido de miles de luces de colores de las Villas Navideñas en los 18 departamentos del país. Los…,0,1159535570433056768,142407315
neg_175,RT @JuanOrlandoH: La noche da paso al encendido de miles de luces de colores de las Villas Navideñas en los 18 departamentos del país. Los…,"RT @JuanOrlandoH: Insisto, trabajadores hondureños merecen aliviar sus deudas/acceder préstamos de vivienda. Institutos de previsión (IPM,…",0,142407315,756157253846241280
neg_176,"RT @JuanOrlandoH: Insisto, trabajadores hondureños merecen aliviar sus deudas/acceder préstamos de vivienda. Institutos de previsión (IPM,…","RT @JuanOrlandoH: ¡Hoy 12 de octubre en el Día de la Raza, celebramos con orgullo nuestra gran herencia ancestral, diversidad étnica y cult…",0,756157253846241280,1154756807467970560
neg_177,"RT @JuanOrlandoH: ¡Hoy 12 de octubre en el Día de la Raza, celebramos con orgullo nuestra gran herencia ancestral, diversidad étnica y cult…","@FrenteaFrenteHN Para Salvador solo el es capaz y honesto, el mismo se idolatra, necesitamos gente capaz que piense en el pueblo, no gente egocentrista.",0,1154756807467970560,1192989258195361792
neg_178,"@FrenteaFrenteHN Para Salvador solo el es capaz y honesto, el mismo se idolatra, necesitamos gente capaz que piense en el pueblo, no gente egocentrista.","Exelete señor presidente, en hora buena para el pueblo que ya se publique el reglamento de ley de #AlivioDeDeuda. https://t.co/T5T7QJh6st",0,1192989258195361792,1134093175822442497
neg_179,"Exelete señor presidente, en hora buena para el pueblo que ya se publique el reglamento de ley de #AlivioDeDeuda. https://t.co/T5T7QJh6st",@LaTribunahn Que excelente que se este llevando esto acabo ya que lo necesita todo el mundo y es bueno ponerlo en practica,0,1134093175822442497,1202579475831119872
neg_180,@LaTribunahn Que excelente que se este llevando esto acabo ya que lo necesita todo el mundo y es bueno ponerlo en practica,RT @JuanOrlandoH: ¡Qué empiece la #NavidadCatracha! Con el desfile de carrozas inauguramos la Navidad Catracha. Durante todo el mes habrá v…,0,1202579475831119872,1151676101355331584
neg_181,RT @JuanOrlandoH: ¡Qué empiece la #NavidadCatracha! Con el desfile de carrozas inauguramos la Navidad Catracha. Durante todo el mes habrá v…,"@ricardo_hn Honduras produce uno de los mejores cafés de mundo, no es posible que nuestros productores se les pague un precio tan bajo",0,1151676101355331584,1174007956301647872
neg_182,"@ricardo_hn Honduras produce uno de los mejores cafés de mundo, no es posible que nuestros productores se les pague un precio tan bajo","RT @JuanOrlandoH: Increíble ambiente se disfruta en la #VillaNavideña de la Villa Olímpica en el Distrito Central.
Familias disfrutando al…",0,1174007956301647872,1105180638683062273
neg_183,"RT @JuanOrlandoH: Increíble ambiente se disfruta en la #VillaNavideña de la Villa Olímpica en el Distrito Central.
Familias disfrutando al…",Marca 130 para tus dudas acerca de la ley #AlivioDeDeuda https://t.co/jmZRuN3QJJ,0,1105180638683062273,1099873969107357697
neg_184,Marca 130 para tus dudas acerca de la ley #AlivioDeDeuda https://t.co/jmZRuN3QJJ,@ricardo_hn Bendiciones a la familia,0,1099873969107357697,1184928315238424576
neg_185,@ricardo_hn Bendiciones a la familia,"RT @JuanOrlandoH: Una clase trabajadora desahogada y más fuerte nos hace grandes!! #AlivioDeDeuda 

Estamos a punto de cambiar la historia…",0,1184928315238424576,1145809723435995148
neg_186,"RT @JuanOrlandoH: Una clase trabajadora desahogada y más fuerte nos hace grandes!! #AlivioDeDeuda 

Estamos a punto de cambiar la historia…",@ricardo_hn @LaTribunahn Feliz aniversario,0,1145809723435995148,1174732504089149440
neg_187,@ricardo_hn @LaTribunahn Feliz aniversario,Se beneficiarán 1 millón de trabajadores del sector público y privado gracias a la Ley de #AlivioDeDeuda https://t.co/6SEL59KQbX,0,1174732504089149440,2571347396
neg_188,Se beneficiarán 1 millón de trabajadores del sector público y privado gracias a la Ley de #AlivioDeDeuda https://t.co/6SEL59KQbX,"A ver, quién me compra una nevera.",0,2571347396,945521575759138816
neg_189,"A ver, quién me compra una nevera.",@ricardo_hn Salvemos Honduras y el Ricardismo mas vivos q nunca! #Sumate,0,945521575759138816,2355028629
neg_190,@ricardo_hn Salvemos Honduras y el Ricardismo mas vivos q nunca! #Sumate,"RT @JuanOrlandoH: Sigue nuestra cruzada por precios justos por el café hondureño en el mercado internacional, pero también explorando oport…",0,2355028629,1151681995593920512
neg_191,"RT @JuanOrlandoH: Sigue nuestra cruzada por precios justos por el café hondureño en el mercado internacional, pero también explorando oport…","RT @JuanOrlandoH: LANZAMIENTO ESCUELA DE ALTA GERENCIA PÚBLICA
Hoy es un gran día. Empezamos con la formación de funcionarios públicos comp…",0,1151681995593920512,1151681995593920512
neg_192,"RT @JuanOrlandoH: LANZAMIENTO ESCUELA DE ALTA GERENCIA PÚBLICA
Hoy es un gran día. Empezamos con la formación de funcionarios públicos comp…",RT @JuanOrlandoH: Hoy estamos sancionando la Ley #AlivioDeDeuda que tiene su espíritu en la solidaridad con la angustia de tantas familias…,0,1151681995593920512,714526286383685632
neg_193,RT @JuanOrlandoH: Hoy estamos sancionando la Ley #AlivioDeDeuda que tiene su espíritu en la solidaridad con la angustia de tantas familias…,@ricardo_hn Todos los sectores se irán uniendo,0,714526286383685632,950811618107187200
neg_194,@ricardo_hn Todos los sectores se irán uniendo,"RT @JuanOrlandoH: Hoy entregamos el #ParqueVidaMejor número 87 en La Ceiba, este parque es muy especial porque está construido en el CRILA…",0,950811618107187200,1193196946040770562
neg_195,"RT @JuanOrlandoH: Hoy entregamos el #ParqueVidaMejor número 87 en La Ceiba, este parque es muy especial porque está construido en el CRILA…",@HCHTelevDigital Definitivamente es bueno lo que se desarrolla en el pais vemos lo bueno por nuestra Honduras,0,1193196946040770562,1197181003283996672
neg_196,@HCHTelevDigital Definitivamente es bueno lo que se desarrolla en el pais vemos lo bueno por nuestra Honduras,@elpaishn Esperamos que este servicio se pueda dar en los diferentes municipios del país ya que es una muy buena ayuda,0,1197181003283996672,1152782909041983488
neg_197,@elpaishn Esperamos que este servicio se pueda dar en los diferentes municipios del país ya que es una muy buena ayuda,"YOONGI HABLANDO INGLÉS GENTEEEEEEEEEE YA ESTA PUEDO MORIR EN PAZ.

#BTSxJingleBall @BTS_twt",0,1152782909041983488,1152747258921852928
neg_198,"YOONGI HABLANDO INGLÉS GENTEEEEEEEEEE YA ESTA PUEDO MORIR EN PAZ.

#BTSxJingleBall @BTS_twt",RT @VidaMejorHN: #NavidadCatracha https://t.co/mcPVW6p3xt,0,1152747258921852928,3548144417
neg_199,RT @VidaMejorHN: #NavidadCatracha https://t.co/mcPVW6p3xt,"RT @JuanOrlandoH: ¡Un paso extraordinario en oportunidades de empleos!
Hoy firmamos importante acuerdo a raíz del crecimiento de la industr…",0,3548144417,1191042032518782976
neg_200,"RT @JuanOrlandoH: ¡Un paso extraordinario en oportunidades de empleos!
Hoy firmamos importante acuerdo a raíz del crecimiento de la industr…",@HCHTelevDigital Miren a este que le pasa si mas bien JOH es el único que esta combatiendo los narco traficantes por eso esta maleado Ardon porque el le toco pagar sus delitos por eso dijo el Pdte caiga quien caiga,0,1191042032518782976,1159892382072147968
neg_201,@HCHTelevDigital Miren a este que le pasa si mas bien JOH es el único que esta combatiendo los narco traficantes por eso esta maleado Ardon porque el le toco pagar sus delitos por eso dijo el Pdte caiga quien caiga,"RT @VidaMejorHN: Un #ParqueVidaMejor más estamos a -3 de llegar al # 1️⃣0️⃣0️⃣.

#HondurasAvanza #VidaMejor https://t.co/FkvVE0YRS2",0,1159892382072147968,1044671580322836480
neg_202,"RT @VidaMejorHN: Un #ParqueVidaMejor más estamos a -3 de llegar al # 1️⃣0️⃣0️⃣.

#HondurasAvanza #VidaMejor https://t.co/FkvVE0YRS2","RT @JuanOrlandoH: Visitamos en NY, Blue Stripes Cacao Shop con el objetivo de TRIPLICAR lo que hoy se recibe por cacao o por café, esto por…",0,1044671580322836480,1040450375285964800
neg_203,"RT @JuanOrlandoH: Visitamos en NY, Blue Stripes Cacao Shop con el objetivo de TRIPLICAR lo que hoy se recibe por cacao o por café, esto por…","Están cantando Wishing On A Star.😭

@BTS_twt",0,1040450375285964800,1152747258921852928
neg_204,"Están cantando Wishing On A Star.😭

@BTS_twt",@ricardo_hn Lindo nuestro Himno Nacional,0,1152747258921852928,1104046225182081024
neg_205,@ricardo_hn Lindo nuestro Himno Nacional,@JuanOrlandoH @LaTribunahn Muchas felicidades a la @LaTribunahn por su aniversario 💙💙💙💙💙💙💙,0,1104046225182081024,1189761833529421824
neg_206,@JuanOrlandoH @LaTribunahn Muchas felicidades a la @LaTribunahn por su aniversario 💙💙💙💙💙💙💙,RT @EbalDiazHN: Son demasiados los trabajadores que tienen grandes deudas y es por eso que el Presidente @JuanOrlandoH propuso la Ley #Aliv…,0,1189761833529421824,632254162
neg_207,RT @EbalDiazHN: Son demasiados los trabajadores que tienen grandes deudas y es por eso que el Presidente @JuanOrlandoH propuso la Ley #Aliv…,"RT @VidaMejorHN: También los ceibeños disfrutan de la #VillaNavideña en un ambiente lleno de color y Paz.

#NavidadCatracha https://t.co/AG…",0,632254162,266925031
neg_208,"RT @VidaMejorHN: También los ceibeños disfrutan de la #VillaNavideña en un ambiente lleno de color y Paz.

#NavidadCatracha https://t.co/AG…","RT @JuanOrlandoH: Visitamos en NY, Blue Stripes Cacao Shop con el objetivo de TRIPLICAR lo que hoy se recibe por cacao o por café, esto por…",0,266925031,1173602343516065792
neg_209,"RT @JuanOrlandoH: Visitamos en NY, Blue Stripes Cacao Shop con el objetivo de TRIPLICAR lo que hoy se recibe por cacao o por café, esto por…",#AlivioDeDeuda https://t.co/zrjYjPkUz3,0,1173602343516065792,756157253846241280
neg_210,#AlivioDeDeuda https://t.co/zrjYjPkUz3,RT @JuanOrlandoH: Felicidades jóvenes emprendedores por aprovechar su tiempo sacando adelante sus negocios en la villa navideña de la #Navi…,0,756157253846241280,894113382
neg_211,RT @JuanOrlandoH: Felicidades jóvenes emprendedores por aprovechar su tiempo sacando adelante sus negocios en la villa navideña de la #Navi…,RT @JuanOrlandoH: Desde tempranas horas instruí a todas nuestras instituciones para brindar asistencia inmediata a los afectados por los da…,0,894113382,1166105832158879744
neg_212,RT @JuanOrlandoH: Desde tempranas horas instruí a todas nuestras instituciones para brindar asistencia inmediata a los afectados por los da…,@FrenteaFrenteHN Que bella es mi Honduras vale la pena poder conocer este hermoso lugar de trujillo donde hay buen potencial de turismo felicidades,0,1166105832158879744,1071100918324711424
neg_213,@FrenteaFrenteHN Que bella es mi Honduras vale la pena poder conocer este hermoso lugar de trujillo donde hay buen potencial de turismo felicidades,RT @JuanOrlandoH: La noche da paso al encendido de miles de luces de colores de las Villas Navideñas en los 18 departamentos del país. Los…,0,1071100918324711424,216672917
neg_214,RT @JuanOrlandoH: La noche da paso al encendido de miles de luces de colores de las Villas Navideñas en los 18 departamentos del país. Los…,"RT @JuanOrlandoH: Las esperanzas se traducen en realidades para muchas familias de escasos recursos como Doña Erika Valladares, hoy no esta…",0,216672917,1040473171399516160
neg_215,"RT @JuanOrlandoH: Las esperanzas se traducen en realidades para muchas familias de escasos recursos como Doña Erika Valladares, hoy no esta…",RT @JuanOrlandoH: @Qhubotvoficial @cb24tv @radiohrn @radiohrn @LaTribunahn @RCVHonduras @CNNEE @aztecahonduras @nytimes @nytimeses @elnuevo…,0,1040473171399516160,1207828942662582272
neg_216,RT @JuanOrlandoH: @Qhubotvoficial @cb24tv @radiohrn @radiohrn @LaTribunahn @RCVHonduras @CNNEE @aztecahonduras @nytimes @nytimeses @elnuevo…,@HCHTelevDigital @JuanOrlandoH Esta bien que se hagan estos acuerdos que se tenga excito que gran maneras de ver el cambio por nuestra nación,0,1207828942662582272,1170010614162448384
neg_217,@HCHTelevDigital @JuanOrlandoH Esta bien que se hagan estos acuerdos que se tenga excito que gran maneras de ver el cambio por nuestra nación,RT @JuanOrlandoH: Esto es inspirador! Seguimos trabajando en la seguridad del pueblo hondureño! https://t.co/4Tsz3LCZbR,0,1170010614162448384,1165733798656520192
neg_218,RT @JuanOrlandoH: Esto es inspirador! Seguimos trabajando en la seguridad del pueblo hondureño! https://t.co/4Tsz3LCZbR,"RT @JuanOrlandoH: Felicidades @BomberosHn por sus 64 años atendiendo el llamado de auxilio del pueblo hondureño, salvando vidas y protegien…",0,1165733798656520192,1164558313738166272
neg_219,"RT @JuanOrlandoH: Felicidades @BomberosHn por sus 64 años atendiendo el llamado de auxilio del pueblo hondureño, salvando vidas y protegien…",@radioamericahn estamos realmente contentos por que si se está realizando un gran trabajo en prevención en el pais,0,1164558313738166272,1148765716235075584
neg_220,@radioamericahn estamos realmente contentos por que si se está realizando un gran trabajo en prevención en el pais,@JuanOrlandoH @LaTribunahn @radiohrn @televicentrohn @RCVHonduras @elpaishn @Qhubotvoficial @radioamericahn @diarioelheraldo Todo el país le damos las gracias por sacar adelante al pueblo Hondureños mi Presidente @JuanOrlandoH,0,1148765716235075584,1205995283412389888
neg_221,@JuanOrlandoH @LaTribunahn @radiohrn @televicentrohn @RCVHonduras @elpaishn @Qhubotvoficial @radioamericahn @diarioelheraldo Todo el país le damos las gracias por sacar adelante al pueblo Hondureños mi Presidente @JuanOrlandoH,@ricardo_hn La sencillez de Ricardo Álvarez no tiene fronteras,0,1205995283412389888,1174776209873481728
neg_222,@ricardo_hn La sencillez de Ricardo Álvarez no tiene fronteras,@HCHTelevDigital Muy buen apoyo hay que seguir haciendo muy buenas obras dándole el apoyo necesario a  todos los que lo necesitan,0,1174776209873481728,1202607763433672704
neg_223,@HCHTelevDigital Muy buen apoyo hay que seguir haciendo muy buenas obras dándole el apoyo necesario a  todos los que lo necesitan,"Nadie más que los niños y niñas para representar el verdadero espíritu de la #NavidadCatracha! 

#QueCoolEsHonduras https://t.co/E3A4k17Adq",0,1202607763433672704,450451129
neg_224,"Nadie más que los niños y niñas para representar el verdadero espíritu de la #NavidadCatracha! 

#QueCoolEsHonduras https://t.co/E3A4k17Adq","RT @ReinaldoHN: Así vivimos el encendido del Parque, en mi querido San Francisco de la Paz, Olancho. 
Disfrutando al máximo de la #NavidadC…",0,450451129,2984715001
neg_225,"RT @ReinaldoHN: Así vivimos el encendido del Parque, en mi querido San Francisco de la Paz, Olancho. 
Disfrutando al máximo de la #NavidadC…","RT @JuanOrlandoH: Así como Carlos, usted también puede cumplir su sueño de ser dueño de su propia casa. 

Conozca su historia y vea cómo ca…",0,2984715001,1153383528991731712
neg_226,"RT @JuanOrlandoH: Así como Carlos, usted también puede cumplir su sueño de ser dueño de su propia casa. 

Conozca su historia y vea cómo ca…","RT @JuanOrlandoH: Los nombres de estos municipios de Copán e Intibucá resumen lo que es la Navidad: Unión, Dulce, Esperanza, Jesús... ¡Siga…",0,1153383528991731712,1158797563178496002
neg_227,"RT @JuanOrlandoH: Los nombres de estos municipios de Copán e Intibucá resumen lo que es la Navidad: Unión, Dulce, Esperanza, Jesús... ¡Siga…",@HCHTelevDigital que lastima que se este perdiendo tanto tiempo en cosas que no vienen al caso ya que solo es por acompañar a la #oposición en las revueltas de la calle,0,1158797563178496002,1162386139891871744
neg_228,@HCHTelevDigital que lastima que se este perdiendo tanto tiempo en cosas que no vienen al caso ya que solo es por acompañar a la #oposición en las revueltas de la calle,@Rostros_Barrio @JuanOrlandoH @elpaishn VAMOS ACTIVAR-NOS CON LA MEJOR ENERGÍA CON LA MEJOR ACTITUD FELICIDADES A LAS AUTORIDADES POR ESTE BELLO PROGRAMA QUE ESTA CAMBIANDO VIDAS   @Rostros_Barrio  @DiarioLaPrensa,0,1162386139891871744,1148765716235075584
neg_229,@Rostros_Barrio @JuanOrlandoH @elpaishn VAMOS ACTIVAR-NOS CON LA MEJOR ENERGÍA CON LA MEJOR ACTITUD FELICIDADES A LAS AUTORIDADES POR ESTE BELLO PROGRAMA QUE ESTA CAMBIANDO VIDAS   @Rostros_Barrio  @DiarioLaPrensa,RT @JuanOrlandoH: Estamos de fiesta y con civismo celebramos el 198 aniversario de independencia de nuestra patria a la que servimos con in…,0,1148765716235075584,1152048337975164928
neg_230,RT @JuanOrlandoH: Estamos de fiesta y con civismo celebramos el 198 aniversario de independencia de nuestra patria a la que servimos con in…,@elpaishn esperamos que los desordenes ya no continúen por el bien estar económico del pais,0,1152048337975164928,1157138106551693312
neg_231,@elpaishn esperamos que los desordenes ya no continúen por el bien estar económico del pais,@elpaishn @JuanOrlandoH Son grandes noticias para mi pais 5 estrellas 👏👏👏👏👏👏👏👏👏👏👏👏👏,0,1157138106551693312,1189732181310148608
neg_232,@elpaishn @JuanOrlandoH Son grandes noticias para mi pais 5 estrellas 👏👏👏👏👏👏👏👏👏👏👏👏👏,RT @JuanOrlandoH: Hoy estamos sancionando la Ley #AlivioDeDeuda que tiene su espíritu en la solidaridad con la angustia de tantas familias…,0,1189732181310148608,1452653827
neg_233,RT @JuanOrlandoH: Hoy estamos sancionando la Ley #AlivioDeDeuda que tiene su espíritu en la solidaridad con la angustia de tantas familias…,RT @JuanOrlandoH: La Ley de #AlivioDeDeuda sacará de la asfixia económica a cerca de un millón de trabajadores y acabará con la angustia de…,0,1452653827,934976534875697152
neg_234,RT @JuanOrlandoH: La Ley de #AlivioDeDeuda sacará de la asfixia económica a cerca de un millón de trabajadores y acabará con la angustia de…,RT @JuanOrlandoH: Sancionada Ley #AlivioDeDeuda Esperamos hoy mismo publicar la sanción de la Ley de Alivio de Deuda para los Trabajadores…,0,934976534875697152,1052615918717730817
neg_235,RT @JuanOrlandoH: Sancionada Ley #AlivioDeDeuda Esperamos hoy mismo publicar la sanción de la Ley de Alivio de Deuda para los Trabajadores…,"Quién, a ver.",0,1052615918717730817,945521575759138816
neg_236,"Quién, a ver.",@ricardo_hn De punta a punta y de costa a costa Honduras es bello.,0,945521575759138816,899759966327844864
neg_237,@ricardo_hn De punta a punta y de costa a costa Honduras es bello.,@noisybitchesdie uwu,0,899759966327844864,3253073797
neg_238,@noisybitchesdie uwu,"@JuanOrlandoH Felicidades para estos miembros de las FFAA que dieron lo mejor en combate a la inseguridad del país, gracias.",0,3253073797,1204406037572399104
neg_239,"@JuanOrlandoH Felicidades para estos miembros de las FFAA que dieron lo mejor en combate a la inseguridad del país, gracias.","RT @Presidencia_HN: Pdte.@JuanOrlandoH, inauguró este viernes el Parque para una Vida Mejor número 90 en el municipio de Trojes, El Paraíso…",0,1204406037572399104,2596569014
neg_240,"RT @Presidencia_HN: Pdte.@JuanOrlandoH, inauguró este viernes el Parque para una Vida Mejor número 90 en el municipio de Trojes, El Paraíso…",RT @IHTT_HN: #AlivioDeDeuda https://t.co/TMY3tv22Pz,0,2596569014,1102040147015725061
neg_241,RT @IHTT_HN: #AlivioDeDeuda https://t.co/TMY3tv22Pz,"RT @JuanOrlandoH: Alegres de estar en Santiago de Puringla, La Paz, compartiendo con los niños del municipio y entregándoles el #ParqueVida…",0,1102040147015725061,3092429356
neg_242,"RT @JuanOrlandoH: Alegres de estar en Santiago de Puringla, La Paz, compartiendo con los niños del municipio y entregándoles el #ParqueVida…","RT @SDEHonduras: Las familias sampedranas cuentan con un nuevo espacio de compra, donde podrán adquirir variedad de productos, al mejor pre…",0,3092429356,858013393474793472
neg_243,"RT @SDEHonduras: Las familias sampedranas cuentan con un nuevo espacio de compra, donde podrán adquirir variedad de productos, al mejor pre…","RT @JuanOrlandoH: ¿LO RECONOCEN?

Bienvenido a Honduras y bienvenido a Copán Ruinas, Giorgio Tsoukalos, mejor escenario para su programa Al…",0,858013393474793472,1157325046618165248
neg_244,"RT @JuanOrlandoH: ¿LO RECONOCEN?

Bienvenido a Honduras y bienvenido a Copán Ruinas, Giorgio Tsoukalos, mejor escenario para su programa Al…","RT @JuanOrlandoH: CADA DIA QUE PASA LOS TRABAJADORES esperan los beneficios de  Ley de #AlivioDeDeuda
casi 1,000,000 de trabajadores/famili…",0,1157325046618165248,1099070066316980224
neg_245,"RT @JuanOrlandoH: CADA DIA QUE PASA LOS TRABAJADORES esperan los beneficios de  Ley de #AlivioDeDeuda
casi 1,000,000 de trabajadores/famili…",Comunicado para afiliados a Injupem sobre la Ley de #AlivioDeDeuda para afiliados. https://t.co/HDSriyRuA0,0,1099070066316980224,2192815899
neg_246,Comunicado para afiliados a Injupem sobre la Ley de #AlivioDeDeuda para afiliados. https://t.co/HDSriyRuA0,@TNHonduras @JuanOrlandoH Gracias al buen trabajo del presidente todo esto es posible  hay que seguir apoyando para tener una nacion mejor,0,2192815899,1162486081692065792
neg_247,@TNHonduras @JuanOrlandoH Gracias al buen trabajo del presidente todo esto es posible  hay que seguir apoyando para tener una nacion mejor,RT @JuanOrlandoH: Queremos compensar los efectos negativos que traerá la desaceleración y generar ingresos para mejorar clima de negocios e…,0,1162486081692065792,1182294160059109376
neg_248,RT @JuanOrlandoH: Queremos compensar los efectos negativos que traerá la desaceleración y generar ingresos para mejorar clima de negocios e…,RT @JuanOrlandoH: Informe al pueblo hondureño de Resultados de Cumbre de Cambio Climático. #COP25Madrid https://t.co/1fZ9si5fSt,0,1182294160059109376,1191037360575799296
neg_249,RT @JuanOrlandoH: Informe al pueblo hondureño de Resultados de Cumbre de Cambio Climático. #COP25Madrid https://t.co/1fZ9si5fSt,@JuanOrlandoH Muy buenos logros que admirable vamos avanzando sobre todo lo bueno por nuestra Honduras muchas gracias que Dios los bendiga,0,1191037360575799296,1194657656688001024
neg_250,@JuanOrlandoH Muy buenos logros que admirable vamos avanzando sobre todo lo bueno por nuestra Honduras muchas gracias que Dios los bendiga,"RT @JuanOrlandoH: Ayer el @Congreso_HND aprobó la eliminación de esa deducción.
El sueldo promedio de un docente es aproximadamente de Lps.…",0,1194657656688001024,1164558313738166272
neg_251,"RT @JuanOrlandoH: Ayer el @Congreso_HND aprobó la eliminación de esa deducción.
El sueldo promedio de un docente es aproximadamente de Lps.…",RT @JuanOrlandoH: 1/2. ¡A competir sin excusas! El acuerdo firmado con la Asociación Hondureña de Maquiladores nos pone en igual de condici…,0,1164558313738166272,1190403282944040960
neg_252,RT @JuanOrlandoH: 1/2. ¡A competir sin excusas! El acuerdo firmado con la Asociación Hondureña de Maquiladores nos pone en igual de condici…,"RT @JuanOrlandoH: ¡Me alegra ver en todos estos rostros el respiro y la tranquilidad, y, sobre todo, la alegría de nuestros niños, que reco…",0,1190403282944040960,1163135474858418176
neg_253,"RT @JuanOrlandoH: ¡Me alegra ver en todos estos rostros el respiro y la tranquilidad, y, sobre todo, la alegría de nuestros niños, que reco…","RT @JuanOrlandoH: Ya está la Ley #AlivioDeDeuda y el reglamento. Ahora estamos revisando los productos con AHIBA, CNBS e Institutos de Prev…",0,1163135474858418176,1113250173654900742
neg_254,"RT @JuanOrlandoH: Ya está la Ley #AlivioDeDeuda y el reglamento. Ahora estamos revisando los productos con AHIBA, CNBS e Institutos de Prev…","RT @VidaMejorHN: Pdte @JuanOrlandoH “ Desde la intervención hasta hoy veo que ustedes han cambiado mucho , me alegra verlos que salgan en g…",0,1113250173654900742,1102040147015725061
neg_255,"RT @VidaMejorHN: Pdte @JuanOrlandoH “ Desde la intervención hasta hoy veo que ustedes han cambiado mucho , me alegra verlos que salgan en g…","RT @JuanOrlandoH: Participo en reunión de alto nivel auspiciada por el presidente de Colombia, @IvanDuque, denominada "" Acciones conjuntas…",0,1102040147015725061,1172727327819804672
neg_256,"RT @JuanOrlandoH: Participo en reunión de alto nivel auspiciada por el presidente de Colombia, @IvanDuque, denominada "" Acciones conjuntas…","RT @JuanOrlandoH: Seguimos luchando contra quienes por mucho tiempo han causado temor a nuestra población, NO MÁS! https://t.co/0d7fQZXxoK",0,1172727327819804672,1163129045384609792
neg_257,"RT @JuanOrlandoH: Seguimos luchando contra quienes por mucho tiempo han causado temor a nuestra población, NO MÁS! https://t.co/0d7fQZXxoK",RT @JuanOrlandoH: ¡Viva la #NavidadCatracha!😍 https://t.co/Np0TIJ1YoO,0,1163129045384609792,825027283085844480
neg_258,RT @JuanOrlandoH: ¡Viva la #NavidadCatracha!😍 https://t.co/Np0TIJ1YoO,RT @JuanOrlandoH: Entregamos Reglamento de Ley de #AlivioDeDeuda a nuestros trabajadores. Publíquese!! https://t.co/KDOIL1FR9n,0,825027283085844480,1187122468756033536
neg_259,RT @JuanOrlandoH: Entregamos Reglamento de Ley de #AlivioDeDeuda a nuestros trabajadores. Publíquese!! https://t.co/KDOIL1FR9n,RT @VidaMejorHN: #ParqueVidaMejor #9️⃣1️⃣ https://t.co/ST4U3vc9Xv,0,1187122468756033536,1058142970153713665
neg_260,RT @VidaMejorHN: #ParqueVidaMejor #9️⃣1️⃣ https://t.co/ST4U3vc9Xv,@TNHonduras Honduras esta avanzando y lo podemos ver y que bueno que las autoridades policiales son parte del  desarrollo,0,1058142970153713665,1152788841843089408
neg_261,@TNHonduras Honduras esta avanzando y lo podemos ver y que bueno que las autoridades policiales son parte del  desarrollo,"RT @JuanOrlandoH: Llegamos al #ParqueVidaMejor #92 en todo el país; muchas felicidades familias de Azacualpa! 

¡Otro parque más a la lista…",0,1152788841843089408,1093256470202847234
neg_262,"RT @JuanOrlandoH: Llegamos al #ParqueVidaMejor #92 en todo el país; muchas felicidades familias de Azacualpa! 

¡Otro parque más a la lista…","#AlivioDeDeuda 

Comparto esta información tan importante https://t.co/m1nKjL8BJ4",0,1093256470202847234,2648219753
neg_263,"#AlivioDeDeuda 

Comparto esta información tan importante https://t.co/m1nKjL8BJ4",RT @JuanOrlandoH: Palabras del Pdte. @realDonaldTrump en cena de la Cumbre del @israeliamerican reafirman el compromiso de Honduras en la l…,0,2648219753,1198380508683685888
neg_264,RT @JuanOrlandoH: Palabras del Pdte. @realDonaldTrump en cena de la Cumbre del @israeliamerican reafirman el compromiso de Honduras en la l…,@JuanOrlandoH @HoyMismoTSI @radiohrn @LaTribunahn @RCVHonduras @TN5Telenoticias @HCHTelevDigital @diarioelheraldo @radioamericahn @elpaishn La creación de este proyecto de villas  navideñas en esta #NavidadCatracha sin duda alguna ha sido la puerta que impulsa al éxito de nuestros micro emprendedores Gracias presentado antes,0,1198380508683685888,945371438969745410
neg_265,@JuanOrlandoH @HoyMismoTSI @radiohrn @LaTribunahn @RCVHonduras @TN5Telenoticias @HCHTelevDigital @diarioelheraldo @radioamericahn @elpaishn La creación de este proyecto de villas  navideñas en esta #NavidadCatracha sin duda alguna ha sido la puerta que impulsa al éxito de nuestros micro emprendedores Gracias presentado antes,"RT @JuanOrlandoH: CADA DIA QUE PASA LOS TRABAJADORES esperan los beneficios de  Ley de #AlivioDeDeuda
casi 1,000,000 de trabajadores/famili…",0,945371438969745410,317395929
neg_266,"RT @JuanOrlandoH: CADA DIA QUE PASA LOS TRABAJADORES esperan los beneficios de  Ley de #AlivioDeDeuda
casi 1,000,000 de trabajadores/famili…","RT @JuanOrlandoH: Insisto, trabajadores hondureños merecen aliviar sus deudas/acceder préstamos de vivienda. Institutos de previsión (IPM,…",0,317395929,1375884126
neg_267,"RT @JuanOrlandoH: Insisto, trabajadores hondureños merecen aliviar sus deudas/acceder préstamos de vivienda. Institutos de previsión (IPM,…",@elpaishn Así es presidente debemos de prepararnos,0,1375884126,1097622510789627904
neg_268,@elpaishn Así es presidente debemos de prepararnos,@JuanOrlandoH @yannickglemarec @TelemundoNews @LaTribunahn @radiohrn @TN5Telenoticias @diarioelheraldo @televicentrohn @DiarioLaPrensa @elpaishn @AlPunto Cada día se esta viendo el gran trabajo que esta haciendo JOH vamos por la ruta correcta buscando lo mejor para Honduras,0,1097622510789627904,1148675508755992576
neg_269,@JuanOrlandoH @yannickglemarec @TelemundoNews @LaTribunahn @radiohrn @TN5Telenoticias @diarioelheraldo @televicentrohn @DiarioLaPrensa @elpaishn @AlPunto Cada día se esta viendo el gran trabajo que esta haciendo JOH vamos por la ruta correcta buscando lo mejor para Honduras,#AlivioDeDeuda https://t.co/vGKBmvjLr8,0,1148675508755992576,937504657194307590
neg_270,#AlivioDeDeuda https://t.co/vGKBmvjLr8,@FrenteaFrenteHN por favor JOH va gobernar hasta el final hasta que le toque entregar la presidencia como debe de ser,0,937504657194307590,1165759003244281856
neg_271,@FrenteaFrenteHN por favor JOH va gobernar hasta el final hasta que le toque entregar la presidencia como debe de ser,"Oigan, hace días no veo a Patchoncito.",0,1165759003244281856,975457163207495680
neg_272,"Oigan, hace días no veo a Patchoncito.",@JuanOrlandoH @LaTribunahn @radiohousehn @TNHonduras @RCVHonduras @radioamericahn @elpaishn @radiohrn @TSiHonduras @diarioelheraldo Le damos las gracias Presidente @JuanOrlandoH por sacar adelante al país vamos por más 👏👏👏👏👏👏👏👏👏,0,975457163207495680,1189732181310148608
neg_273,@JuanOrlandoH @LaTribunahn @radiohousehn @TNHonduras @RCVHonduras @radioamericahn @elpaishn @radiohrn @TSiHonduras @diarioelheraldo Le damos las gracias Presidente @JuanOrlandoH por sacar adelante al país vamos por más 👏👏👏👏👏👏👏👏👏,RT @JuanOrlandoH: Seamos viajeros que les encanta recorrer nuestro país y no hay nada mejor que descubrir cada destino siguiendo la ruta av…,0,1189732181310148608,1172563379296382976
neg_274,RT @JuanOrlandoH: Seamos viajeros que les encanta recorrer nuestro país y no hay nada mejor que descubrir cada destino siguiendo la ruta av…,"RT @JuanOrlandoH: ¿CÓMO LE HAREMOS FRENTE A LA DESACELERACIÓN?
1.     Aceleración de inversiones público- privado para generar más empleos…",0,1172563379296382976,1161853264725532672
neg_275,"RT @JuanOrlandoH: ¿CÓMO LE HAREMOS FRENTE A LA DESACELERACIÓN?
1.     Aceleración de inversiones público- privado para generar más empleos…","RT @jvlozano06: Cena de Navidad  con la comunidad hondureña 🇭🇳 en Taiwán 🇹🇼.
Mis mejores deseos para estas fiestas #NavidadCatracha @embhnt…",0,1161853264725532672,707413952976687104
neg_276,"RT @jvlozano06: Cena de Navidad  con la comunidad hondureña 🇭🇳 en Taiwán 🇹🇼.
Mis mejores deseos para estas fiestas #NavidadCatracha @embhnt…",ESTOYYY ENAMORADOOOO.,0,707413952976687104,975457163207495680
neg_277,ESTOYYY ENAMORADOOOO.,"RT @anagarciacarias: Más de 15,000 compatriotas llegaron anoche a la #VillaNavideña que instaló el gobierno de @JuanOrlandoH en los predios…",0,975457163207495680,1204158995625365507
neg_278,"RT @anagarciacarias: Más de 15,000 compatriotas llegaron anoche a la #VillaNavideña que instaló el gobierno de @JuanOrlandoH en los predios…",@elpaishn Aplaudimos lo bueno departe de JOH que ha demostrado que se apoya al pueblo con estas oportunidades de cecas 20/20,0,1204158995625365507,1159513664812146688
neg_279,@elpaishn Aplaudimos lo bueno departe de JOH que ha demostrado que se apoya al pueblo con estas oportunidades de cecas 20/20,@TNHonduras mas y mejores oportunidades de empleos en el sector agrícola para los pequeños y medianos productores de caco en el territorio nacional mil gracias,0,1159513664812146688,1168873960173375488
neg_280,@TNHonduras mas y mejores oportunidades de empleos en el sector agrícola para los pequeños y medianos productores de caco en el territorio nacional mil gracias,"RT @JuanOrlandoH: Micros, pequeños, medianos emprendedores. Hondureños luchadores, soñadores y emprendedores. Podemos ver el presente con o…",0,1168873960173375488,1191037360575799296
neg_281,"RT @JuanOrlandoH: Micros, pequeños, medianos emprendedores. Hondureños luchadores, soñadores y emprendedores. Podemos ver el presente con o…","RT @JuanOrlandoH: ¿CÓMO LE HAREMOS FRENTE A LA DESACELERACIÓN?
1.     Aceleración de inversiones público- privado para generar más empleos…",0,1191037360575799296,1166194983633870848
neg_282,"RT @JuanOrlandoH: ¿CÓMO LE HAREMOS FRENTE A LA DESACELERACIÓN?
1.     Aceleración de inversiones público- privado para generar más empleos…","RT @JuanOrlandoH: CADA DIA QUE PASA LOS TRABAJADORES esperan los beneficios de  Ley de #AlivioDeDeuda
casi 1,000,000 de trabajadores/famili…",0,1166194983633870848,1115264181417193477
neg_283,"RT @JuanOrlandoH: CADA DIA QUE PASA LOS TRABAJADORES esperan los beneficios de  Ley de #AlivioDeDeuda
casi 1,000,000 de trabajadores/famili…","RT @JuanOrlandoH: 1. De hecho, el fiscal no dijo eso, nunca dijo que el Presidente recibió nada.
2. Y la alegación en sí es 100% falsa, abs…",0,1115264181417193477,1040445742618435584
neg_284,"RT @JuanOrlandoH: 1. De hecho, el fiscal no dijo eso, nunca dijo que el Presidente recibió nada.
2. Y la alegación en sí es 100% falsa, abs…","RT @JuanOrlandoH: Estoy contento porque estamos entregando el #ParqueVidaMejor #90 en Trojes, El Paraíso, estos parques van a cambiar a Hon…",0,1040445742618435584,2981594310
neg_285,"RT @JuanOrlandoH: Estoy contento porque estamos entregando el #ParqueVidaMejor #90 en Trojes, El Paraíso, estos parques van a cambiar a Hon…","RT @JuanOrlandoH: Visitamos en NY, Blue Stripes Cacao Shop con el objetivo de TRIPLICAR lo que hoy se recibe por cacao o por café, esto por…",0,2981594310,1166446317830324224
neg_286,"RT @JuanOrlandoH: Visitamos en NY, Blue Stripes Cacao Shop con el objetivo de TRIPLICAR lo que hoy se recibe por cacao o por café, esto por…",RT @JuanOrlandoH: El pueblo hondureño reconoce el arduo y arriesgado trabajo de la @FNAMP_Honduras fuerza antimaras y pandillas. Otro fuert…,0,1166446317830324224,1163956409907720192
neg_287,RT @JuanOrlandoH: El pueblo hondureño reconoce el arduo y arriesgado trabajo de la @FNAMP_Honduras fuerza antimaras y pandillas. Otro fuert…,"RT @licvictorfonsec: Municipio La Paz,/ La Paz
La Navidad llego al municipio de la Paz d en la inauguración de la #VillaNavideña, donde se…",0,1163956409907720192,1004421948
neg_288,"RT @licvictorfonsec: Municipio La Paz,/ La Paz
La Navidad llego al municipio de la Paz d en la inauguración de la #VillaNavideña, donde se…","RT @JuanOrlandoH: Nuestras aguas territoriales hoy son hostiles para el narcotráfico y otras actividades ilícitas, gracias al trabajo 24/7…",0,1004421948,1040473171399516160
neg_289,"RT @JuanOrlandoH: Nuestras aguas territoriales hoy son hostiles para el narcotráfico y otras actividades ilícitas, gracias al trabajo 24/7…","La ley de #AlivioDeDeuda, es un hecho histórico concertado con todos los sectores. https://t.co/n9a5F1T0oG",0,1040473171399516160,2319310896
neg_290,"La ley de #AlivioDeDeuda, es un hecho histórico concertado con todos los sectores. https://t.co/n9a5F1T0oG",RT @JuanOrlandoH: Todo mi apoyo a observaciones de la Asociación Nacional de Empleados Públicos de Honduras (ANDEPH) a la Ley de #AlivioDeD…,0,2319310896,1154152335519731718
neg_291,RT @JuanOrlandoH: Todo mi apoyo a observaciones de la Asociación Nacional de Empleados Públicos de Honduras (ANDEPH) a la Ley de #AlivioDeD…,"RT @JuanOrlandoH: Del terror a la Paz y la Felicidad. La primera vez que visité #CiudadEspaña, la gente vivía atemorizada por las maras y p…",0,1154152335519731718,1150807841164398592
neg_292,"RT @JuanOrlandoH: Del terror a la Paz y la Felicidad. La primera vez que visité #CiudadEspaña, la gente vivía atemorizada por las maras y p…","RT @FerydBascha: Les invito para que visiten la espectacular Villa Navideña en SPS, ubicado en el terreno del antiguo centro penal sampedra…",0,1150807841164398592,72784850
neg_293,"RT @FerydBascha: Les invito para que visiten la espectacular Villa Navideña en SPS, ubicado en el terreno del antiguo centro penal sampedra…",@elpaishn Excelente que se están invirtiendo en estas cosas que gran trabajo es muy bueno,0,72784850,1153666992689352704
neg_294,@elpaishn Excelente que se están invirtiendo en estas cosas que gran trabajo es muy bueno,@ricardo_hn Dios les bendiga,0,1153666992689352704,1174039384116609024
neg_295,@ricardo_hn Dios les bendiga,RT @JuanOrlandoH: Tenemos que despertar antes de que sea muy tarde. El cambio climático es una realidad. Les comparto los resultados de reu…,0,1174039384116609024,1205934587152650240
neg_296,RT @JuanOrlandoH: Tenemos que despertar antes de que sea muy tarde. El cambio climático es una realidad. Les comparto los resultados de reu…,RT @VidaMejorHN: La Ley de #AlivioDeDeuda vendrá a aliviar a muchos trabajadores hondureños que por años han tenido problemas de endeudamie…,0,1205934587152650240,1037114682014879745
neg_297,RT @VidaMejorHN: La Ley de #AlivioDeDeuda vendrá a aliviar a muchos trabajadores hondureños que por años han tenido problemas de endeudamie…,"RT @JuanOrlandoH: Felicidades y nuestros mejores deseos para un gran ser humano “Apoyando al pequeño de hoy,
hacemos el grande de mañana” h…",0,1037114682014879745,1166819230324613120
neg_298,"RT @JuanOrlandoH: Felicidades y nuestros mejores deseos para un gran ser humano “Apoyando al pequeño de hoy,
hacemos el grande de mañana” h…",RT @JuanOrlandoH: Felicidades jóvenes emprendedores por aprovechar su tiempo sacando adelante sus negocios en la villa navideña de la #Navi…,0,1166819230324613120,1020584065
neg_299,RT @JuanOrlandoH: Felicidades jóvenes emprendedores por aprovechar su tiempo sacando adelante sus negocios en la villa navideña de la #Navi…,@hondudiario Que gran trabajo lo que están haciendo las autoridades que bueno que se hagan estas decomisaciones para el bien del pueblo,0,1020584065,1159532681228668928
